insert into TEST_CASE
(
TEST_CASE_GSEQ,
TEST_CASE_ID,
DESCRIPTION,
FUNCTIONAL_AREA_GSEQ,
TEST_CASE_TYPE_GSEQ,
TEST_TYPE_GSEQ
)
values
(
1,
'LOGIN_ADMIN',
'Login as an admin user',
Null,
1,
Null
);

insert into TEST_CASE
(
TEST_CASE_GSEQ,
TEST_CASE_ID,
DESCRIPTION,
FUNCTIONAL_AREA_GSEQ,
TEST_CASE_TYPE_GSEQ,
TEST_TYPE_GSEQ
)
values
(
27,
'Activations queue to company details',
'Agent reviews company''s details within the activations queue',
2,
2,
1
);

insert into TEST_CASE
(
TEST_CASE_GSEQ,
TEST_CASE_ID,
DESCRIPTION,
FUNCTIONAL_AREA_GSEQ,
TEST_CASE_TYPE_GSEQ,
TEST_TYPE_GSEQ
)
values
(
29,
'Agent Completes Forms',
'Agent updates form status - Complete  ',
2,
2,
Null
);

insert into TEST_CASE
(
TEST_CASE_GSEQ,
TEST_CASE_ID,
DESCRIPTION,
FUNCTIONAL_AREA_GSEQ,
TEST_CASE_TYPE_GSEQ,
TEST_TYPE_GSEQ
)
values
(
47,
'LOGOUT',
'Click Logout Button',
Null,
1,
Null
);

insert into TEST_CASE
(
TEST_CASE_GSEQ,
TEST_CASE_ID,
DESCRIPTION,
FUNCTIONAL_AREA_GSEQ,
TEST_CASE_TYPE_GSEQ,
TEST_TYPE_GSEQ
)
values
(
48,
'LOGIN_ACTIVATIONS',
'Login as activations agent',
Null,
1,
Null
);

insert into TEST_CASE
(
TEST_CASE_GSEQ,
TEST_CASE_ID,
DESCRIPTION,
FUNCTIONAL_AREA_GSEQ,
TEST_CASE_TYPE_GSEQ,
TEST_TYPE_GSEQ
)
values
(
49,
'Activations Queue Screen Title and User',
'Validate Title and Logged in User on Activations Queue Screen',
2,
2,
1
);

insert into TEST_CASE
(
TEST_CASE_GSEQ,
TEST_CASE_ID,
DESCRIPTION,
FUNCTIONAL_AREA_GSEQ,
TEST_CASE_TYPE_GSEQ,
TEST_TYPE_GSEQ
)
values
(
50,
'ActivationsScreen_DataSetup',
'Add Companies needed for Activations screen validation',
Null,
1,
1
);

insert into TEST_CASE
(
TEST_CASE_GSEQ,
TEST_CASE_ID,
DESCRIPTION,
FUNCTIONAL_AREA_GSEQ,
TEST_CASE_TYPE_GSEQ,
TEST_TYPE_GSEQ
)
values
(
51,
'Activations Queue ScreenDate',
'Validates that Today and today''s date is displayed correctly',
2,
2,
1
);

insert into TEST_CASE
(
TEST_CASE_GSEQ,
TEST_CASE_ID,
DESCRIPTION,
FUNCTIONAL_AREA_GSEQ,
TEST_CASE_TYPE_GSEQ,
TEST_TYPE_GSEQ
)
values
(
52,
'Activations Queue Activations Table Header Spelt Correctly',
'Validates that the headers for the tables are spelt correctly',
2,
2,
1
);

insert into TEST_CASE
(
TEST_CASE_GSEQ,
TEST_CASE_ID,
DESCRIPTION,
FUNCTIONAL_AREA_GSEQ,
TEST_CASE_TYPE_GSEQ,
TEST_TYPE_GSEQ
)
values
(
53,
'Activations Queue Table Column Headers correct spelling and order',
'Validates that the column headers for the tables are spelt correctly and are in the correct order',
2,
2,
1
);

insert into TEST_CASE
(
TEST_CASE_GSEQ,
TEST_CASE_ID,
DESCRIPTION,
FUNCTIONAL_AREA_GSEQ,
TEST_CASE_TYPE_GSEQ,
TEST_TYPE_GSEQ
)
values
(
67,
'Activations Queue Resort by Company Name',
Null,
2,
2,
1
);

insert into TEST_CASE
(
TEST_CASE_GSEQ,
TEST_CASE_ID,
DESCRIPTION,
FUNCTIONAL_AREA_GSEQ,
TEST_CASE_TYPE_GSEQ,
TEST_TYPE_GSEQ
)
values
(
87,
'Activations Queue Table Column Resorting',
'Validates that the table is resorted when header is clicked on',
2,
2,
1
);

insert into TEST_CASE
(
TEST_CASE_GSEQ,
TEST_CASE_ID,
DESCRIPTION,
FUNCTIONAL_AREA_GSEQ,
TEST_CASE_TYPE_GSEQ,
TEST_TYPE_GSEQ
)
values
(
88,
'Activations Queue Role Validation',
Null,
2,
2,
1
);

insert into TEST_CASE
(
TEST_CASE_GSEQ,
TEST_CASE_ID,
DESCRIPTION,
FUNCTIONAL_AREA_GSEQ,
TEST_CASE_TYPE_GSEQ,
TEST_TYPE_GSEQ
)
values
(
90,
'LOGIN_ACCOUNTING',
'Login as an accounting user',
Null,
1,
Null
);

insert into TEST_CASE
(
TEST_CASE_GSEQ,
TEST_CASE_ID,
DESCRIPTION,
FUNCTIONAL_AREA_GSEQ,
TEST_CASE_TYPE_GSEQ,
TEST_TYPE_GSEQ
)
values
(
91,
'LOGIN_ACCOUNTINGMANAGER',
'Login as an accounting manager user',
Null,
1,
Null
);

insert into TEST_CASE
(
TEST_CASE_GSEQ,
TEST_CASE_ID,
DESCRIPTION,
FUNCTIONAL_AREA_GSEQ,
TEST_CASE_TYPE_GSEQ,
TEST_TYPE_GSEQ
)
values
(
92,
'LOGIN_DATACUSTODIAN',
Null,
Null,
1,
Null
);

insert into TEST_CASE
(
TEST_CASE_GSEQ,
TEST_CASE_ID,
DESCRIPTION,
FUNCTIONAL_AREA_GSEQ,
TEST_CASE_TYPE_GSEQ,
TEST_TYPE_GSEQ
)
values
(
93,
'LOGIN_DIRECTDEPOSITSME',
Null,
Null,
1,
Null
);

insert into TEST_CASE
(
TEST_CASE_GSEQ,
TEST_CASE_ID,
DESCRIPTION,
FUNCTIONAL_AREA_GSEQ,
TEST_CASE_TYPE_GSEQ,
TEST_TYPE_GSEQ
)
values
(
94,
'LOGIN_DIRECTDEPOSITTIERIII',
Null,
Null,
1,
Null
);

insert into TEST_CASE
(
TEST_CASE_GSEQ,
TEST_CASE_ID,
DESCRIPTION,
FUNCTIONAL_AREA_GSEQ,
TEST_CASE_TYPE_GSEQ,
TEST_TYPE_GSEQ
)
values
(
95,
'LOGIN_FRGMANAGER',
Null,
Null,
1,
Null
);

insert into TEST_CASE
(
TEST_CASE_GSEQ,
TEST_CASE_ID,
DESCRIPTION,
FUNCTIONAL_AREA_GSEQ,
TEST_CASE_TYPE_GSEQ,
TEST_TYPE_GSEQ
)
values
(
96,
'LOGIN_FRGREP',
Null,
Null,
1,
Null
);

insert into TEST_CASE
(
TEST_CASE_GSEQ,
TEST_CASE_ID,
DESCRIPTION,
FUNCTIONAL_AREA_GSEQ,
TEST_CASE_TYPE_GSEQ,
TEST_TYPE_GSEQ
)
values
(
97,
'LOGIN_FRGSUPERVISOR',
Null,
Null,
1,
Null
);

insert into TEST_CASE
(
TEST_CASE_GSEQ,
TEST_CASE_ID,
DESCRIPTION,
FUNCTIONAL_AREA_GSEQ,
TEST_CASE_TYPE_GSEQ,
TEST_TYPE_GSEQ
)
values
(
98,
'LOGIN_HELPDESK',
Null,
Null,
1,
Null
);

insert into TEST_CASE
(
TEST_CASE_GSEQ,
TEST_CASE_ID,
DESCRIPTION,
FUNCTIONAL_AREA_GSEQ,
TEST_CASE_TYPE_GSEQ,
TEST_TYPE_GSEQ
)
values
(
99,
'LOGIN_OPERATOR',
Null,
Null,
1,
Null
);

insert into TEST_CASE
(
TEST_CASE_GSEQ,
TEST_CASE_ID,
DESCRIPTION,
FUNCTIONAL_AREA_GSEQ,
TEST_CASE_TYPE_GSEQ,
TEST_TYPE_GSEQ
)
values
(
100,
'LOGIN_POA',
Null,
Null,
1,
Null
);

insert into TEST_CASE
(
TEST_CASE_GSEQ,
TEST_CASE_ID,
DESCRIPTION,
FUNCTIONAL_AREA_GSEQ,
TEST_CASE_TYPE_GSEQ,
TEST_TYPE_GSEQ
)
values
(
101,
'LOGIN_PSOAGENT',
Null,
Null,
1,
Null
);

insert into TEST_CASE
(
TEST_CASE_GSEQ,
TEST_CASE_ID,
DESCRIPTION,
FUNCTIONAL_AREA_GSEQ,
TEST_CASE_TYPE_GSEQ,
TEST_TYPE_GSEQ
)
values
(
102,
'LOGIN_PSSREP',
Null,
Null,
1,
Null
);

insert into TEST_CASE
(
TEST_CASE_GSEQ,
TEST_CASE_ID,
DESCRIPTION,
FUNCTIONAL_AREA_GSEQ,
TEST_CASE_TYPE_GSEQ,
TEST_TYPE_GSEQ
)
values
(
103,
'LOGIN_PSSSUPERVISOR',
Null,
Null,
1,
Null
);

insert into TEST_CASE
(
TEST_CASE_GSEQ,
TEST_CASE_ID,
DESCRIPTION,
FUNCTIONAL_AREA_GSEQ,
TEST_CASE_TYPE_GSEQ,
TEST_TYPE_GSEQ
)
values
(
104,
'LOGIN_QBOE-IOPPRODUCTSPECIALIST',
Null,
Null,
1,
Null
);

insert into TEST_CASE
(
TEST_CASE_GSEQ,
TEST_CASE_ID,
DESCRIPTION,
FUNCTIONAL_AREA_GSEQ,
TEST_CASE_TYPE_GSEQ,
TEST_TYPE_GSEQ
)
values
(
105,
'LOGIN_QBOE-IOPREP',
Null,
Null,
1,
Null
);

insert into TEST_CASE
(
TEST_CASE_GSEQ,
TEST_CASE_ID,
DESCRIPTION,
FUNCTIONAL_AREA_GSEQ,
TEST_CASE_TYPE_GSEQ,
TEST_TYPE_GSEQ
)
values
(
106,
'LOGIN_QBOE-IOPSENIORREP',
Null,
Null,
1,
Null
);

insert into TEST_CASE
(
TEST_CASE_GSEQ,
TEST_CASE_ID,
DESCRIPTION,
FUNCTIONAL_AREA_GSEQ,
TEST_CASE_TYPE_GSEQ,
TEST_TYPE_GSEQ
)
values
(
107,
'LOGIN_QBOE-IOPTEAMLEAD',
Null,
Null,
1,
Null
);

insert into TEST_CASE
(
TEST_CASE_GSEQ,
TEST_CASE_ID,
DESCRIPTION,
FUNCTIONAL_AREA_GSEQ,
TEST_CASE_TYPE_GSEQ,
TEST_TYPE_GSEQ
)
values
(
108,
'LOGIN_RMMANAGER',
Null,
Null,
1,
Null
);

insert into TEST_CASE
(
TEST_CASE_GSEQ,
TEST_CASE_ID,
DESCRIPTION,
FUNCTIONAL_AREA_GSEQ,
TEST_CASE_TYPE_GSEQ,
TEST_TYPE_GSEQ
)
values
(
109,
'LOGIN_RMREP',
Null,
Null,
1,
Null
);

insert into TEST_CASE
(
TEST_CASE_GSEQ,
TEST_CASE_ID,
DESCRIPTION,
FUNCTIONAL_AREA_GSEQ,
TEST_CASE_TYPE_GSEQ,
TEST_TYPE_GSEQ
)
values
(
110,
'LOGIN_RMSUPERVISOR',
Null,
Null,
1,
Null
);

insert into TEST_CASE
(
TEST_CASE_GSEQ,
TEST_CASE_ID,
DESCRIPTION,
FUNCTIONAL_AREA_GSEQ,
TEST_CASE_TYPE_GSEQ,
TEST_TYPE_GSEQ
)
values
(
111,
'LOGIN_READONLY',
Null,
Null,
1,
Null
);

insert into TEST_CASE
(
TEST_CASE_GSEQ,
TEST_CASE_ID,
DESCRIPTION,
FUNCTIONAL_AREA_GSEQ,
TEST_CASE_TYPE_GSEQ,
TEST_TYPE_GSEQ
)
values
(
112,
'LOGIN_ACTIVATIONSSME',
Null,
Null,
1,
Null
);

insert into TEST_CASE
(
TEST_CASE_GSEQ,
TEST_CASE_ID,
DESCRIPTION,
FUNCTIONAL_AREA_GSEQ,
TEST_CASE_TYPE_GSEQ,
TEST_TYPE_GSEQ
)
values
(
113,
'LOGIN_ACTIVATIONSTIERIII',
'Login as activations agent',
Null,
1,
Null
);

insert into TEST_CASE
(
TEST_CASE_GSEQ,
TEST_CASE_ID,
DESCRIPTION,
FUNCTIONAL_AREA_GSEQ,
TEST_CASE_TYPE_GSEQ,
TEST_TYPE_GSEQ
)
values
(
114,
'LOGIN_TAXREP',
Null,
Null,
1,
Null
);

insert into TEST_CASE
(
TEST_CASE_GSEQ,
TEST_CASE_ID,
DESCRIPTION,
FUNCTIONAL_AREA_GSEQ,
TEST_CASE_TYPE_GSEQ,
TEST_TYPE_GSEQ
)
values
(
115,
'Activations Tab DataSetup',
'Add Gemini Company needed for Activations Tab Screen Validations',
Null,
1,
1
);

insert into TEST_CASE
(
TEST_CASE_GSEQ,
TEST_CASE_ID,
DESCRIPTION,
FUNCTIONAL_AREA_GSEQ,
TEST_CASE_TYPE_GSEQ,
TEST_TYPE_GSEQ
)
values
(
116,
'Activations Tab Header Area Objects Spelt Correctly',
'Verify Spellings of Titles,Labels,Text,Buttons in the Header Area of the Screen',
2,
2,
1
);

insert into TEST_CASE
(
TEST_CASE_GSEQ,
TEST_CASE_ID,
DESCRIPTION,
FUNCTIONAL_AREA_GSEQ,
TEST_CASE_TYPE_GSEQ,
TEST_TYPE_GSEQ
)
values
(
117,
'Activations Tab Legal Name and Address Section Company Value Validations',
'Business Legal Name and Address Section Company Specific Values (Adjacent to the various Labels)  Validations',
2,
2,
1
);

insert into TEST_CASE
(
TEST_CASE_GSEQ,
TEST_CASE_ID,
DESCRIPTION,
FUNCTIONAL_AREA_GSEQ,
TEST_CASE_TYPE_GSEQ,
TEST_TYPE_GSEQ
)
values
(
118,
'Activations Tab Contact Information Section',
'Validate the contact info section.',
2,
2,
1
);

insert into TEST_CASE
(
TEST_CASE_GSEQ,
TEST_CASE_ID,
DESCRIPTION,
FUNCTIONAL_AREA_GSEQ,
TEST_CASE_TYPE_GSEQ,
TEST_TYPE_GSEQ
)
values
(
119,
'Company Information Legal Information Section',
'Validating the data in the Legal Information section on the Company Information page.',
Null,
2,
1
);

insert into TEST_CASE
(
TEST_CASE_GSEQ,
TEST_CASE_ID,
DESCRIPTION,
FUNCTIONAL_AREA_GSEQ,
TEST_CASE_TYPE_GSEQ,
TEST_TYPE_GSEQ
)
values
(
127,
'Activations Tab Header Area Company Values Validations',
'Verify Values of various fields specific to a company in the Header Area of the Screen',
2,
2,
1
);

insert into TEST_CASE
(
TEST_CASE_GSEQ,
TEST_CASE_ID,
DESCRIPTION,
FUNCTIONAL_AREA_GSEQ,
TEST_CASE_TYPE_GSEQ,
TEST_TYPE_GSEQ
)
values
(
128,
'Activations Tab Legal Name and Address Section Objects Spelt Correctly',
'Verify Spellings of all objects in the Legal Name and Address Sections',
2,
2,
1
);

insert into TEST_CASE
(
TEST_CASE_GSEQ,
TEST_CASE_ID,
DESCRIPTION,
FUNCTIONAL_AREA_GSEQ,
TEST_CASE_TYPE_GSEQ,
TEST_TYPE_GSEQ
)
values
(
129,
'Activations Tab Payroll Information Objects Spelt Correctly',
'Verify Spellings of all Objects in the Payroll Information Section',
2,
2,
1
);

insert into TEST_CASE
(
TEST_CASE_GSEQ,
TEST_CASE_ID,
DESCRIPTION,
FUNCTIONAL_AREA_GSEQ,
TEST_CASE_TYPE_GSEQ,
TEST_TYPE_GSEQ
)
values
(
130,
'Activations Tab Payroll Information Company Values Validations',
'Verify Values of various fields in the section which are specific to the company',
2,
2,
1
);

insert into TEST_CASE
(
TEST_CASE_GSEQ,
TEST_CASE_ID,
DESCRIPTION,
FUNCTIONAL_AREA_GSEQ,
TEST_CASE_TYPE_GSEQ,
TEST_TYPE_GSEQ
)
values
(
131,
'Activations Tab Tax Information Objects Spelt Correctly',
'Verify Spellings of all Objects in the Tax Information Section',
2,
2,
1
);

insert into TEST_CASE
(
TEST_CASE_GSEQ,
TEST_CASE_ID,
DESCRIPTION,
FUNCTIONAL_AREA_GSEQ,
TEST_CASE_TYPE_GSEQ,
TEST_TYPE_GSEQ
)
values
(
132,
'Activations Tab Forms Objects Spelt Correctly',
'Verify Spellings of all Objects in the Forms Section',
2,
2,
1
);

insert into TEST_CASE
(
TEST_CASE_GSEQ,
TEST_CASE_ID,
DESCRIPTION,
FUNCTIONAL_AREA_GSEQ,
TEST_CASE_TYPE_GSEQ,
TEST_TYPE_GSEQ
)
values
(
133,
'Activations Tab EmployeeInfo Objects Spelt Correctly',
'Verify Spellings of all Objects in the EmployeeInfo Section',
2,
2,
1
);

insert into TEST_CASE
(
TEST_CASE_GSEQ,
TEST_CASE_ID,
DESCRIPTION,
FUNCTIONAL_AREA_GSEQ,
TEST_CASE_TYPE_GSEQ,
TEST_TYPE_GSEQ
)
values
(
134,
'Company Information Contact Information Section',
'Validating the data in the Contact Information section on the Company Information page.',
Null,
2,
1
);

insert into TEST_CASE
(
TEST_CASE_GSEQ,
TEST_CASE_ID,
DESCRIPTION,
FUNCTIONAL_AREA_GSEQ,
TEST_CASE_TYPE_GSEQ,
TEST_TYPE_GSEQ
)
values
(
135,
'Company Information Remaining Sections',
'Validating the data in the DD Status, DD Limits, ACH Funding Model, Strikes, and Response Tokens sections on the Company Information page.',
Null,
2,
1
);

insert into TEST_CASE
(
TEST_CASE_GSEQ,
TEST_CASE_ID,
DESCRIPTION,
FUNCTIONAL_AREA_GSEQ,
TEST_CASE_TYPE_GSEQ,
TEST_TYPE_GSEQ
)
values
(
136,
'Activations Queue Notes Valdation',
'Verify that the Notes are working.',
2,
2,
1
);

insert into TEST_CASE
(
TEST_CASE_GSEQ,
TEST_CASE_ID,
DESCRIPTION,
FUNCTIONAL_AREA_GSEQ,
TEST_CASE_TYPE_GSEQ,
TEST_TYPE_GSEQ
)
values
(
137,
'Payrolls Tab DataSetup',
'Add Company with an employee and some paychecks for Payrolls Tab Validations',
3,
1,
1
);

insert into TEST_CASE
(
TEST_CASE_GSEQ,
TEST_CASE_ID,
DESCRIPTION,
FUNCTIONAL_AREA_GSEQ,
TEST_CASE_TYPE_GSEQ,
TEST_TYPE_GSEQ
)
values
(
138,
'Payrolls Tab ViewTransactions Screen Objects Spelt Correctly',
'Verify the objects in the View Transactions Page under the Payroll Tab are spelt correctly.',
3,
2,
1
);

insert into TEST_CASE
(
TEST_CASE_GSEQ,
TEST_CASE_ID,
DESCRIPTION,
FUNCTIONAL_AREA_GSEQ,
TEST_CASE_TYPE_GSEQ,
TEST_TYPE_GSEQ
)
values
(
139,
'Payroll Screen Header and Title Validation',
Null,
3,
2,
1
);

insert into TEST_GROUP
(
TEST_GROUP_GSEQ,
TEST_GROUP_ID,
DESCRIPTION
)
values
(
22,
'General Test Group',
'All test cases that do not depend on common setups or previous actions'
);

insert into TEST_GROUP
(
TEST_GROUP_GSEQ,
TEST_GROUP_ID,
DESCRIPTION
)
values
(
42,
'Activations Queue Screen Checklist Validation',
'All test cases that validate the Activations Screen Checklist'
);

insert into TEST_GROUP
(
TEST_GROUP_GSEQ,
TEST_GROUP_ID,
DESCRIPTION
)
values
(
62,
'Activation Tab Screen Checklist Validation',
'All test cases that validate the Activations Tab Screen Checklist'
);

insert into TEST_GROUP
(
TEST_GROUP_GSEQ,
TEST_GROUP_ID,
DESCRIPTION
)
values
(
63,
'Company Information Screen Checklist Validation',
'All test cases that validate the Company Information Screen Checklist'
);

insert into TEST_GROUP
(
TEST_GROUP_GSEQ,
TEST_GROUP_ID,
DESCRIPTION
)
values
(
64,
'Payrolls Tab Screen Checklist Validations',
'All test cases that Validate the Payrolls Tab Screens Checklist'
);

insert into TEST_GROUP_ITEM
(
TEST_GROUP_ITEM_GSEQ,
TEST_GROUP_GSEQ,
TEST_CASE_GSEQ,
STEP_NUMBER,
SETUP_STEP,
VERIFIED
)
values
(
84,
'42',
'49',
'2',
'N',
'N'
);

insert into TEST_GROUP_ITEM
(
TEST_GROUP_ITEM_GSEQ,
TEST_GROUP_GSEQ,
TEST_CASE_GSEQ,
STEP_NUMBER,
SETUP_STEP,
VERIFIED
)
values
(
86,
'42',
'52',
'3',
'N',
'N'
);

insert into TEST_GROUP_ITEM
(
TEST_GROUP_ITEM_GSEQ,
TEST_GROUP_GSEQ,
TEST_CASE_GSEQ,
STEP_NUMBER,
SETUP_STEP,
VERIFIED
)
values
(
88,
'42',
'53',
'4',
'N',
'N'
);

insert into TEST_GROUP_ITEM
(
TEST_GROUP_ITEM_GSEQ,
TEST_GROUP_GSEQ,
TEST_CASE_GSEQ,
STEP_NUMBER,
SETUP_STEP,
VERIFIED
)
values
(
117,
'42',
'67',
'5',
'N',
'N'
);

insert into TEST_GROUP_ITEM
(
TEST_GROUP_ITEM_GSEQ,
TEST_GROUP_GSEQ,
TEST_CASE_GSEQ,
STEP_NUMBER,
SETUP_STEP,
VERIFIED
)
values
(
119,
'42',
'27',
'6',
'N',
'N'
);

insert into TEST_GROUP_ITEM
(
TEST_GROUP_ITEM_GSEQ,
TEST_GROUP_GSEQ,
TEST_CASE_GSEQ,
STEP_NUMBER,
SETUP_STEP,
VERIFIED
)
values
(
125,
'42',
'29',
'11',
'N',
'N'
);

insert into TEST_GROUP_ITEM
(
TEST_GROUP_ITEM_GSEQ,
TEST_GROUP_GSEQ,
TEST_CASE_GSEQ,
STEP_NUMBER,
SETUP_STEP,
VERIFIED
)
values
(
136,
'42',
'87',
'8',
'N',
'N'
);

insert into TEST_GROUP_ITEM
(
TEST_GROUP_ITEM_GSEQ,
TEST_GROUP_GSEQ,
TEST_CASE_GSEQ,
STEP_NUMBER,
SETUP_STEP,
VERIFIED
)
values
(
138,
'42',
'88',
'9',
'N',
'N'
);

insert into TEST_GROUP_ITEM
(
TEST_GROUP_ITEM_GSEQ,
TEST_GROUP_GSEQ,
TEST_CASE_GSEQ,
STEP_NUMBER,
SETUP_STEP,
VERIFIED
)
values
(
144,
'62',
'116',
'2',
'N',
'N'
);

insert into TEST_GROUP_ITEM
(
TEST_GROUP_ITEM_GSEQ,
TEST_GROUP_GSEQ,
TEST_CASE_GSEQ,
STEP_NUMBER,
SETUP_STEP,
VERIFIED
)
values
(
145,
'62',
'117',
'5',
'N',
'N'
);

insert into TEST_GROUP_ITEM
(
TEST_GROUP_ITEM_GSEQ,
TEST_GROUP_GSEQ,
TEST_CASE_GSEQ,
STEP_NUMBER,
SETUP_STEP,
VERIFIED
)
values
(
147,
'62',
'118',
'6',
'N',
'N'
);

insert into TEST_GROUP_ITEM
(
TEST_GROUP_ITEM_GSEQ,
TEST_GROUP_GSEQ,
TEST_CASE_GSEQ,
STEP_NUMBER,
SETUP_STEP,
VERIFIED
)
values
(
149,
'63',
'119',
'2',
'N',
'N'
);

insert into TEST_GROUP_ITEM
(
TEST_GROUP_ITEM_GSEQ,
TEST_GROUP_GSEQ,
TEST_CASE_GSEQ,
STEP_NUMBER,
SETUP_STEP,
VERIFIED
)
values
(
160,
'62',
'127',
'3',
'N',
'N'
);

insert into TEST_GROUP_ITEM
(
TEST_GROUP_ITEM_GSEQ,
TEST_GROUP_GSEQ,
TEST_CASE_GSEQ,
STEP_NUMBER,
SETUP_STEP,
VERIFIED
)
values
(
161,
'62',
'128',
'4',
'N',
'N'
);

insert into TEST_GROUP_ITEM
(
TEST_GROUP_ITEM_GSEQ,
TEST_GROUP_GSEQ,
TEST_CASE_GSEQ,
STEP_NUMBER,
SETUP_STEP,
VERIFIED
)
values
(
162,
'62',
'129',
'7',
'N',
'N'
);

insert into TEST_GROUP_ITEM
(
TEST_GROUP_ITEM_GSEQ,
TEST_GROUP_GSEQ,
TEST_CASE_GSEQ,
STEP_NUMBER,
SETUP_STEP,
VERIFIED
)
values
(
163,
'62',
'130',
'8',
'N',
'N'
);

insert into TEST_GROUP_ITEM
(
TEST_GROUP_ITEM_GSEQ,
TEST_GROUP_GSEQ,
TEST_CASE_GSEQ,
STEP_NUMBER,
SETUP_STEP,
VERIFIED
)
values
(
166,
'62',
'132',
'9',
'N',
'N'
);

insert into TEST_GROUP_ITEM
(
TEST_GROUP_ITEM_GSEQ,
TEST_GROUP_GSEQ,
TEST_CASE_GSEQ,
STEP_NUMBER,
SETUP_STEP,
VERIFIED
)
values
(
168,
'42',
'51',
'10',
'N',
'N'
);

insert into TEST_GROUP_ITEM
(
TEST_GROUP_ITEM_GSEQ,
TEST_GROUP_GSEQ,
TEST_CASE_GSEQ,
STEP_NUMBER,
SETUP_STEP,
VERIFIED
)
values
(
170,
'62',
'131',
'10',
'N',
'N'
);

insert into TEST_GROUP_ITEM
(
TEST_GROUP_ITEM_GSEQ,
TEST_GROUP_GSEQ,
TEST_CASE_GSEQ,
STEP_NUMBER,
SETUP_STEP,
VERIFIED
)
values
(
172,
'62',
'133',
'11',
'N',
'N'
);

insert into TEST_GROUP_ITEM
(
TEST_GROUP_ITEM_GSEQ,
TEST_GROUP_GSEQ,
TEST_CASE_GSEQ,
STEP_NUMBER,
SETUP_STEP,
VERIFIED
)
values
(
176,
'63',
'134',
'3',
'N',
'N'
);

insert into TEST_GROUP_ITEM
(
TEST_GROUP_ITEM_GSEQ,
TEST_GROUP_GSEQ,
TEST_CASE_GSEQ,
STEP_NUMBER,
SETUP_STEP,
VERIFIED
)
values
(
178,
'63',
'135',
'4',
'N',
'N'
);

insert into TEST_GROUP_ITEM
(
TEST_GROUP_ITEM_GSEQ,
TEST_GROUP_GSEQ,
TEST_CASE_GSEQ,
STEP_NUMBER,
SETUP_STEP,
VERIFIED
)
values
(
186,
'22',
'138',
'1',
'N',
'N'
);

insert into TEST_GROUP_ITEM
(
TEST_GROUP_ITEM_GSEQ,
TEST_GROUP_GSEQ,
TEST_CASE_GSEQ,
STEP_NUMBER,
SETUP_STEP,
VERIFIED
)
values
(
188,
'64',
'139',
'1',
'N',
'N'
);

insert into TEST_GROUP_ITEM
(
TEST_GROUP_ITEM_GSEQ,
TEST_GROUP_GSEQ,
TEST_CASE_GSEQ,
STEP_NUMBER,
SETUP_STEP,
VERIFIED
)
values
(
206,
'42',
'136',
'12',
'N',
'N'
);

insert into TEST_CASE_STEP
(
TEST_CASE_STEP_GSEQ,
TEST_CASE_GSEQ,
STEP_NUMBER,
UI_OBJECT_GSEQ,
VALUE,
SOA_TEST_GSEQ,
TEST_OPERATION_GSEQ,
TEST_CASE_REF_GSEQ,
DATA_DRIVEN
)
values
(
0,
1,
1,
27,
'AutoLogin',
Null,
2,
Null,
'N'
);

insert into TEST_CASE_STEP
(
TEST_CASE_STEP_GSEQ,
TEST_CASE_GSEQ,
STEP_NUMBER,
UI_OBJECT_GSEQ,
VALUE,
SOA_TEST_GSEQ,
TEST_OPERATION_GSEQ,
TEST_CASE_REF_GSEQ,
DATA_DRIVEN
)
values
(
18,
1,
2,
28,
'admin',
Null,
2,
Null,
'N'
);

insert into TEST_CASE_STEP
(
TEST_CASE_STEP_GSEQ,
TEST_CASE_GSEQ,
STEP_NUMBER,
UI_OBJECT_GSEQ,
VALUE,
SOA_TEST_GSEQ,
TEST_OPERATION_GSEQ,
TEST_CASE_REF_GSEQ,
DATA_DRIVEN
)
values
(
19,
1,
3,
29,
Null,
Null,
15,
Null,
'N'
);

insert into TEST_CASE_STEP
(
TEST_CASE_STEP_GSEQ,
TEST_CASE_GSEQ,
STEP_NUMBER,
UI_OBJECT_GSEQ,
VALUE,
SOA_TEST_GSEQ,
TEST_OPERATION_GSEQ,
TEST_CASE_REF_GSEQ,
DATA_DRIVEN
)
values
(
41,
27,
1,
Null,
Null,
4,
14,
Null,
'N'
);

insert into TEST_CASE_STEP
(
TEST_CASE_STEP_GSEQ,
TEST_CASE_GSEQ,
STEP_NUMBER,
UI_OBJECT_GSEQ,
VALUE,
SOA_TEST_GSEQ,
TEST_OPERATION_GSEQ,
TEST_CASE_REF_GSEQ,
DATA_DRIVEN
)
values
(
42,
27,
2,
Null,
Null,
25,
14,
Null,
'N'
);

insert into TEST_CASE_STEP
(
TEST_CASE_STEP_GSEQ,
TEST_CASE_GSEQ,
STEP_NUMBER,
UI_OBJECT_GSEQ,
VALUE,
SOA_TEST_GSEQ,
TEST_OPERATION_GSEQ,
TEST_CASE_REF_GSEQ,
DATA_DRIVEN
)
values
(
46,
27,
4,
31,
Null,
Null,
15,
Null,
'N'
);

insert into TEST_CASE_STEP
(
TEST_CASE_STEP_GSEQ,
TEST_CASE_GSEQ,
STEP_NUMBER,
UI_OBJECT_GSEQ,
VALUE,
SOA_TEST_GSEQ,
TEST_OPERATION_GSEQ,
TEST_CASE_REF_GSEQ,
DATA_DRIVEN
)
values
(
47,
27,
5,
32,
'749693729_GEMINI',
Null,
15,
Null,
'N'
);

insert into TEST_CASE_STEP
(
TEST_CASE_STEP_GSEQ,
TEST_CASE_GSEQ,
STEP_NUMBER,
UI_OBJECT_GSEQ,
VALUE,
SOA_TEST_GSEQ,
TEST_OPERATION_GSEQ,
TEST_CASE_REF_GSEQ,
DATA_DRIVEN
)
values
(
48,
27,
6,
91,
'Activations View',
Null,
6,
Null,
'N'
);

insert into TEST_CASE_STEP
(
TEST_CASE_STEP_GSEQ,
TEST_CASE_GSEQ,
STEP_NUMBER,
UI_OBJECT_GSEQ,
VALUE,
SOA_TEST_GSEQ,
TEST_OPERATION_GSEQ,
TEST_CASE_REF_GSEQ,
DATA_DRIVEN
)
values
(
56,
29,
2,
Null,
Null,
26,
14,
Null,
'N'
);

insert into TEST_CASE_STEP
(
TEST_CASE_STEP_GSEQ,
TEST_CASE_GSEQ,
STEP_NUMBER,
UI_OBJECT_GSEQ,
VALUE,
SOA_TEST_GSEQ,
TEST_OPERATION_GSEQ,
TEST_CASE_REF_GSEQ,
DATA_DRIVEN
)
values
(
59,
29,
4,
32,
'749693729_GEMINI',
Null,
15,
Null,
'N'
);

insert into TEST_CASE_STEP
(
TEST_CASE_STEP_GSEQ,
TEST_CASE_GSEQ,
STEP_NUMBER,
UI_OBJECT_GSEQ,
VALUE,
SOA_TEST_GSEQ,
TEST_OPERATION_GSEQ,
TEST_CASE_REF_GSEQ,
DATA_DRIVEN
)
values
(
62,
47,
1,
51,
Null,
Null,
15,
Null,
'N'
);

insert into TEST_CASE_STEP
(
TEST_CASE_STEP_GSEQ,
TEST_CASE_GSEQ,
STEP_NUMBER,
UI_OBJECT_GSEQ,
VALUE,
SOA_TEST_GSEQ,
TEST_OPERATION_GSEQ,
TEST_CASE_REF_GSEQ,
DATA_DRIVEN
)
values
(
63,
27,
7,
51,
Null,
Null,
15,
Null,
'N'
);

insert into TEST_CASE_STEP
(
TEST_CASE_STEP_GSEQ,
TEST_CASE_GSEQ,
STEP_NUMBER,
UI_OBJECT_GSEQ,
VALUE,
SOA_TEST_GSEQ,
TEST_OPERATION_GSEQ,
TEST_CASE_REF_GSEQ,
DATA_DRIVEN
)
values
(
64,
48,
1,
27,
'AutoLogin',
Null,
2,
Null,
'N'
);

insert into TEST_CASE_STEP
(
TEST_CASE_STEP_GSEQ,
TEST_CASE_GSEQ,
STEP_NUMBER,
UI_OBJECT_GSEQ,
VALUE,
SOA_TEST_GSEQ,
TEST_OPERATION_GSEQ,
TEST_CASE_REF_GSEQ,
DATA_DRIVEN
)
values
(
65,
48,
2,
28,
'activations',
Null,
2,
Null,
'N'
);

insert into TEST_CASE_STEP
(
TEST_CASE_STEP_GSEQ,
TEST_CASE_GSEQ,
STEP_NUMBER,
UI_OBJECT_GSEQ,
VALUE,
SOA_TEST_GSEQ,
TEST_OPERATION_GSEQ,
TEST_CASE_REF_GSEQ,
DATA_DRIVEN
)
values
(
66,
48,
3,
29,
Null,
Null,
15,
Null,
'N'
);

insert into TEST_CASE_STEP
(
TEST_CASE_STEP_GSEQ,
TEST_CASE_GSEQ,
STEP_NUMBER,
UI_OBJECT_GSEQ,
VALUE,
SOA_TEST_GSEQ,
TEST_OPERATION_GSEQ,
TEST_CASE_REF_GSEQ,
DATA_DRIVEN
)
values
(
67,
29,
3,
Null,
Null,
Null,
Null,
48,
'N'
);

insert into TEST_CASE_STEP
(
TEST_CASE_STEP_GSEQ,
TEST_CASE_GSEQ,
STEP_NUMBER,
UI_OBJECT_GSEQ,
VALUE,
SOA_TEST_GSEQ,
TEST_OPERATION_GSEQ,
TEST_CASE_REF_GSEQ,
DATA_DRIVEN
)
values
(
68,
27,
3,
Null,
Null,
Null,
Null,
48,
'N'
);

insert into TEST_CASE_STEP
(
TEST_CASE_STEP_GSEQ,
TEST_CASE_GSEQ,
STEP_NUMBER,
UI_OBJECT_GSEQ,
VALUE,
SOA_TEST_GSEQ,
TEST_OPERATION_GSEQ,
TEST_CASE_REF_GSEQ,
DATA_DRIVEN
)
values
(
69,
29,
11,
56,
Null,
Null,
38,
Null,
'N'
);

insert into TEST_CASE_STEP
(
TEST_CASE_STEP_GSEQ,
TEST_CASE_GSEQ,
STEP_NUMBER,
UI_OBJECT_GSEQ,
VALUE,
SOA_TEST_GSEQ,
TEST_OPERATION_GSEQ,
TEST_CASE_REF_GSEQ,
DATA_DRIVEN
)
values
(
71,
29,
12,
57,
'C:\dev\PSP\main\SilkTest\SAP\ImportFiles\f8655.pdf',
Null,
19,
Null,
'N'
);

insert into TEST_CASE_STEP
(
TEST_CASE_STEP_GSEQ,
TEST_CASE_GSEQ,
STEP_NUMBER,
UI_OBJECT_GSEQ,
VALUE,
SOA_TEST_GSEQ,
TEST_OPERATION_GSEQ,
TEST_CASE_REF_GSEQ,
DATA_DRIVEN
)
values
(
81,
29,
1,
Null,
Null,
4,
14,
Null,
'N'
);

insert into TEST_CASE_STEP
(
TEST_CASE_STEP_GSEQ,
TEST_CASE_GSEQ,
STEP_NUMBER,
UI_OBJECT_GSEQ,
VALUE,
SOA_TEST_GSEQ,
TEST_OPERATION_GSEQ,
TEST_CASE_REF_GSEQ,
DATA_DRIVEN
)
values
(
83,
49,
6,
75,
'Activations: Auto admin',
Null,
6,
Null,
'N'
);

insert into TEST_CASE_STEP
(
TEST_CASE_STEP_GSEQ,
TEST_CASE_GSEQ,
STEP_NUMBER,
UI_OBJECT_GSEQ,
VALUE,
SOA_TEST_GSEQ,
TEST_OPERATION_GSEQ,
TEST_CASE_REF_GSEQ,
DATA_DRIVEN
)
values
(
84,
49,
3,
51,
Null,
Null,
15,
Null,
'N'
);

insert into TEST_CASE_STEP
(
TEST_CASE_STEP_GSEQ,
TEST_CASE_GSEQ,
STEP_NUMBER,
UI_OBJECT_GSEQ,
VALUE,
SOA_TEST_GSEQ,
TEST_OPERATION_GSEQ,
TEST_CASE_REF_GSEQ,
DATA_DRIVEN
)
values
(
85,
49,
4,
Null,
Null,
Null,
Null,
1,
'N'
);

insert into TEST_CASE_STEP
(
TEST_CASE_STEP_GSEQ,
TEST_CASE_GSEQ,
STEP_NUMBER,
UI_OBJECT_GSEQ,
VALUE,
SOA_TEST_GSEQ,
TEST_OPERATION_GSEQ,
TEST_CASE_REF_GSEQ,
DATA_DRIVEN
)
values
(
86,
49,
5,
31,
Null,
Null,
15,
Null,
'N'
);

insert into TEST_CASE_STEP
(
TEST_CASE_STEP_GSEQ,
TEST_CASE_GSEQ,
STEP_NUMBER,
UI_OBJECT_GSEQ,
VALUE,
SOA_TEST_GSEQ,
TEST_OPERATION_GSEQ,
TEST_CASE_REF_GSEQ,
DATA_DRIVEN
)
values
(
87,
49,
2,
75,
'Activations: Auto activations',
Null,
6,
Null,
'N'
);

insert into TEST_CASE_STEP
(
TEST_CASE_STEP_GSEQ,
TEST_CASE_GSEQ,
STEP_NUMBER,
UI_OBJECT_GSEQ,
VALUE,
SOA_TEST_GSEQ,
TEST_OPERATION_GSEQ,
TEST_CASE_REF_GSEQ,
DATA_DRIVEN
)
values
(
88,
49,
7,
51,
Null,
Null,
15,
Null,
'N'
);

insert into TEST_CASE_STEP
(
TEST_CASE_STEP_GSEQ,
TEST_CASE_GSEQ,
STEP_NUMBER,
UI_OBJECT_GSEQ,
VALUE,
SOA_TEST_GSEQ,
TEST_OPERATION_GSEQ,
TEST_CASE_REF_GSEQ,
DATA_DRIVEN
)
values
(
89,
49,
1,
Null,
Null,
Null,
Null,
48,
'N'
);

insert into TEST_CASE_STEP
(
TEST_CASE_STEP_GSEQ,
TEST_CASE_GSEQ,
STEP_NUMBER,
UI_OBJECT_GSEQ,
VALUE,
SOA_TEST_GSEQ,
TEST_OPERATION_GSEQ,
TEST_CASE_REF_GSEQ,
DATA_DRIVEN
)
values
(
90,
50,
1,
Null,
Null,
4,
14,
Null,
'N'
);

insert into TEST_CASE_STEP
(
TEST_CASE_STEP_GSEQ,
TEST_CASE_GSEQ,
STEP_NUMBER,
UI_OBJECT_GSEQ,
VALUE,
SOA_TEST_GSEQ,
TEST_OPERATION_GSEQ,
TEST_CASE_REF_GSEQ,
DATA_DRIVEN
)
values
(
91,
50,
2,
Null,
Null,
45,
14,
Null,
'N'
);

insert into TEST_CASE_STEP
(
TEST_CASE_STEP_GSEQ,
TEST_CASE_GSEQ,
STEP_NUMBER,
UI_OBJECT_GSEQ,
VALUE,
SOA_TEST_GSEQ,
TEST_OPERATION_GSEQ,
TEST_CASE_REF_GSEQ,
DATA_DRIVEN
)
values
(
92,
29,
21,
51,
Null,
Null,
15,
Null,
'N'
);

insert into TEST_CASE_STEP
(
TEST_CASE_STEP_GSEQ,
TEST_CASE_GSEQ,
STEP_NUMBER,
UI_OBJECT_GSEQ,
VALUE,
SOA_TEST_GSEQ,
TEST_OPERATION_GSEQ,
TEST_CASE_REF_GSEQ,
DATA_DRIVEN
)
values
(
93,
51,
1,
Null,
Null,
Null,
Null,
48,
'N'
);

insert into TEST_CASE_STEP
(
TEST_CASE_STEP_GSEQ,
TEST_CASE_GSEQ,
STEP_NUMBER,
UI_OBJECT_GSEQ,
VALUE,
SOA_TEST_GSEQ,
TEST_OPERATION_GSEQ,
TEST_CASE_REF_GSEQ,
DATA_DRIVEN
)
values
(
94,
51,
2,
74,
'Today: 04/27/2009',
Null,
6,
Null,
'N'
);

insert into TEST_CASE_STEP
(
TEST_CASE_STEP_GSEQ,
TEST_CASE_GSEQ,
STEP_NUMBER,
UI_OBJECT_GSEQ,
VALUE,
SOA_TEST_GSEQ,
TEST_OPERATION_GSEQ,
TEST_CASE_REF_GSEQ,
DATA_DRIVEN
)
values
(
95,
51,
3,
51,
Null,
Null,
15,
Null,
'N'
);

insert into TEST_CASE_STEP
(
TEST_CASE_STEP_GSEQ,
TEST_CASE_GSEQ,
STEP_NUMBER,
UI_OBJECT_GSEQ,
VALUE,
SOA_TEST_GSEQ,
TEST_OPERATION_GSEQ,
TEST_CASE_REF_GSEQ,
DATA_DRIVEN
)
values
(
96,
52,
1,
Null,
Null,
Null,
Null,
48,
'N'
);

insert into TEST_CASE_STEP
(
TEST_CASE_STEP_GSEQ,
TEST_CASE_GSEQ,
STEP_NUMBER,
UI_OBJECT_GSEQ,
VALUE,
SOA_TEST_GSEQ,
TEST_OPERATION_GSEQ,
TEST_CASE_REF_GSEQ,
DATA_DRIVEN
)
values
(
97,
52,
2,
92,
'Activations',
Null,
6,
Null,
'N'
);

insert into TEST_CASE_STEP
(
TEST_CASE_STEP_GSEQ,
TEST_CASE_GSEQ,
STEP_NUMBER,
UI_OBJECT_GSEQ,
VALUE,
SOA_TEST_GSEQ,
TEST_OPERATION_GSEQ,
TEST_CASE_REF_GSEQ,
DATA_DRIVEN
)
values
(
98,
52,
3,
51,
Null,
Null,
15,
Null,
'N'
);

insert into TEST_CASE_STEP
(
TEST_CASE_STEP_GSEQ,
TEST_CASE_GSEQ,
STEP_NUMBER,
UI_OBJECT_GSEQ,
VALUE,
SOA_TEST_GSEQ,
TEST_OPERATION_GSEQ,
TEST_CASE_REF_GSEQ,
DATA_DRIVEN
)
values
(
99,
53,
1,
Null,
Null,
Null,
Null,
48,
'N'
);

insert into TEST_CASE_STEP
(
TEST_CASE_STEP_GSEQ,
TEST_CASE_GSEQ,
STEP_NUMBER,
UI_OBJECT_GSEQ,
VALUE,
SOA_TEST_GSEQ,
TEST_OPERATION_GSEQ,
TEST_CASE_REF_GSEQ,
DATA_DRIVEN
)
values
(
100,
53,
2,
93,
'Company Name | EIN | Contact Name | Started<nl>Activations | Last Updated Task | Task<nl>Start Date | Agent Assigned | Notes | Alert |',
Null,
20,
Null,
'N'
);

insert into TEST_CASE_STEP
(
TEST_CASE_STEP_GSEQ,
TEST_CASE_GSEQ,
STEP_NUMBER,
UI_OBJECT_GSEQ,
VALUE,
SOA_TEST_GSEQ,
TEST_OPERATION_GSEQ,
TEST_CASE_REF_GSEQ,
DATA_DRIVEN
)
values
(
101,
53,
3,
51,
Null,
Null,
15,
Null,
'N'
);

insert into TEST_CASE_STEP
(
TEST_CASE_STEP_GSEQ,
TEST_CASE_GSEQ,
STEP_NUMBER,
UI_OBJECT_GSEQ,
VALUE,
SOA_TEST_GSEQ,
TEST_OPERATION_GSEQ,
TEST_CASE_REF_GSEQ,
DATA_DRIVEN
)
values
(
125,
29,
13,
60,
'Received',
Null,
6,
Null,
'N'
);

insert into TEST_CASE_STEP
(
TEST_CASE_STEP_GSEQ,
TEST_CASE_GSEQ,
STEP_NUMBER,
UI_OBJECT_GSEQ,
VALUE,
SOA_TEST_GSEQ,
TEST_OPERATION_GSEQ,
TEST_CASE_REF_GSEQ,
DATA_DRIVEN
)
values
(
126,
29,
14,
111,
'TRUE',
Null,
10,
Null,
'N'
);

insert into TEST_CASE_STEP
(
TEST_CASE_STEP_GSEQ,
TEST_CASE_GSEQ,
STEP_NUMBER,
UI_OBJECT_GSEQ,
VALUE,
SOA_TEST_GSEQ,
TEST_OPERATION_GSEQ,
TEST_CASE_REF_GSEQ,
DATA_DRIVEN
)
values
(
127,
29,
16,
53,
Null,
Null,
38,
Null,
'N'
);

insert into TEST_CASE_STEP
(
TEST_CASE_STEP_GSEQ,
TEST_CASE_GSEQ,
STEP_NUMBER,
UI_OBJECT_GSEQ,
VALUE,
SOA_TEST_GSEQ,
TEST_OPERATION_GSEQ,
TEST_CASE_REF_GSEQ,
DATA_DRIVEN
)
values
(
128,
29,
6,
111,
'FALSE',
Null,
10,
Null,
'N'
);

insert into TEST_CASE_STEP
(
TEST_CASE_STEP_GSEQ,
TEST_CASE_GSEQ,
STEP_NUMBER,
UI_OBJECT_GSEQ,
VALUE,
SOA_TEST_GSEQ,
TEST_OPERATION_GSEQ,
TEST_CASE_REF_GSEQ,
DATA_DRIVEN
)
values
(
130,
29,
7,
113,
'FALSE',
Null,
10,
Null,
'N'
);

insert into TEST_CASE_STEP
(
TEST_CASE_STEP_GSEQ,
TEST_CASE_GSEQ,
STEP_NUMBER,
UI_OBJECT_GSEQ,
VALUE,
SOA_TEST_GSEQ,
TEST_OPERATION_GSEQ,
TEST_CASE_REF_GSEQ,
DATA_DRIVEN
)
values
(
132,
29,
17,
57,
'C:\dev\PSP\main\SilkTest\SAP\ImportFiles\LPOA.pdf',
Null,
19,
Null,
'N'
);

insert into TEST_CASE_STEP
(
TEST_CASE_STEP_GSEQ,
TEST_CASE_GSEQ,
STEP_NUMBER,
UI_OBJECT_GSEQ,
VALUE,
SOA_TEST_GSEQ,
TEST_OPERATION_GSEQ,
TEST_CASE_REF_GSEQ,
DATA_DRIVEN
)
values
(
133,
29,
19,
113,
'TRUE',
Null,
10,
Null,
'N'
);

insert into TEST_CASE_STEP
(
TEST_CASE_STEP_GSEQ,
TEST_CASE_GSEQ,
STEP_NUMBER,
UI_OBJECT_GSEQ,
VALUE,
SOA_TEST_GSEQ,
TEST_OPERATION_GSEQ,
TEST_CASE_REF_GSEQ,
DATA_DRIVEN
)
values
(
134,
29,
20,
114,
'TRUE',
Null,
10,
Null,
'N'
);

insert into TEST_CASE_STEP
(
TEST_CASE_STEP_GSEQ,
TEST_CASE_GSEQ,
STEP_NUMBER,
UI_OBJECT_GSEQ,
VALUE,
SOA_TEST_GSEQ,
TEST_OPERATION_GSEQ,
TEST_CASE_REF_GSEQ,
DATA_DRIVEN
)
values
(
135,
29,
8,
114,
'FALSE',
Null,
10,
Null,
'N'
);

insert into TEST_CASE_STEP
(
TEST_CASE_STEP_GSEQ,
TEST_CASE_GSEQ,
STEP_NUMBER,
UI_OBJECT_GSEQ,
VALUE,
SOA_TEST_GSEQ,
TEST_OPERATION_GSEQ,
TEST_CASE_REF_GSEQ,
DATA_DRIVEN
)
values
(
137,
29,
9,
112,
'FALSE',
Null,
10,
Null,
'N'
);

insert into TEST_CASE_STEP
(
TEST_CASE_STEP_GSEQ,
TEST_CASE_GSEQ,
STEP_NUMBER,
UI_OBJECT_GSEQ,
VALUE,
SOA_TEST_GSEQ,
TEST_OPERATION_GSEQ,
TEST_CASE_REF_GSEQ,
DATA_DRIVEN
)
values
(
138,
29,
15,
112,
'TRUE',
Null,
10,
Null,
'N'
);

insert into TEST_CASE_STEP
(
TEST_CASE_STEP_GSEQ,
TEST_CASE_GSEQ,
STEP_NUMBER,
UI_OBJECT_GSEQ,
VALUE,
SOA_TEST_GSEQ,
TEST_OPERATION_GSEQ,
TEST_CASE_REF_GSEQ,
DATA_DRIVEN
)
values
(
139,
29,
18,
59,
'Received',
Null,
6,
Null,
'N'
);

insert into TEST_CASE_STEP
(
TEST_CASE_STEP_GSEQ,
TEST_CASE_GSEQ,
STEP_NUMBER,
UI_OBJECT_GSEQ,
VALUE,
SOA_TEST_GSEQ,
TEST_OPERATION_GSEQ,
TEST_CASE_REF_GSEQ,
DATA_DRIVEN
)
values
(
140,
29,
5,
115,
'.//FlexCanvas[@caption=''Activations View'' and @windowid=''actionsView'']',
Null,
40,
Null,
'N'
);

insert into TEST_CASE_STEP
(
TEST_CASE_STEP_GSEQ,
TEST_CASE_GSEQ,
STEP_NUMBER,
UI_OBJECT_GSEQ,
VALUE,
SOA_TEST_GSEQ,
TEST_OPERATION_GSEQ,
TEST_CASE_REF_GSEQ,
DATA_DRIVEN
)
values
(
142,
87,
1,
Null,
Null,
Null,
Null,
48,
'N'
);

insert into TEST_CASE_STEP
(
TEST_CASE_STEP_GSEQ,
TEST_CASE_GSEQ,
STEP_NUMBER,
UI_OBJECT_GSEQ,
VALUE,
SOA_TEST_GSEQ,
TEST_OPERATION_GSEQ,
TEST_CASE_REF_GSEQ,
DATA_DRIVEN
)
values
(
143,
87,
3,
131,
'0',
Null,
78,
Null,
'N'
);

insert into TEST_CASE_STEP
(
TEST_CASE_STEP_GSEQ,
TEST_CASE_GSEQ,
STEP_NUMBER,
UI_OBJECT_GSEQ,
VALUE,
SOA_TEST_GSEQ,
TEST_OPERATION_GSEQ,
TEST_CASE_REF_GSEQ,
DATA_DRIVEN
)
values
(
145,
88,
1,
Null,
Null,
Null,
Null,
90,
'N'
);

insert into TEST_CASE_STEP
(
TEST_CASE_STEP_GSEQ,
TEST_CASE_GSEQ,
STEP_NUMBER,
UI_OBJECT_GSEQ,
VALUE,
SOA_TEST_GSEQ,
TEST_OPERATION_GSEQ,
TEST_CASE_REF_GSEQ,
DATA_DRIVEN
)
values
(
146,
88,
3,
31,
'FALSE',
Null,
57,
Null,
'N'
);

insert into TEST_CASE_STEP
(
TEST_CASE_STEP_GSEQ,
TEST_CASE_GSEQ,
STEP_NUMBER,
UI_OBJECT_GSEQ,
VALUE,
SOA_TEST_GSEQ,
TEST_OPERATION_GSEQ,
TEST_CASE_REF_GSEQ,
DATA_DRIVEN
)
values
(
147,
88,
4,
Null,
Null,
Null,
Null,
47,
'N'
);

insert into TEST_CASE_STEP
(
TEST_CASE_STEP_GSEQ,
TEST_CASE_GSEQ,
STEP_NUMBER,
UI_OBJECT_GSEQ,
VALUE,
SOA_TEST_GSEQ,
TEST_OPERATION_GSEQ,
TEST_CASE_REF_GSEQ,
DATA_DRIVEN
)
values
(
148,
88,
5,
Null,
Null,
Null,
Null,
91,
'N'
);

insert into TEST_CASE_STEP
(
TEST_CASE_STEP_GSEQ,
TEST_CASE_GSEQ,
STEP_NUMBER,
UI_OBJECT_GSEQ,
VALUE,
SOA_TEST_GSEQ,
TEST_OPERATION_GSEQ,
TEST_CASE_REF_GSEQ,
DATA_DRIVEN
)
values
(
149,
88,
6,
31,
'FALSE',
Null,
57,
Null,
'N'
);

insert into TEST_CASE_STEP
(
TEST_CASE_STEP_GSEQ,
TEST_CASE_GSEQ,
STEP_NUMBER,
UI_OBJECT_GSEQ,
VALUE,
SOA_TEST_GSEQ,
TEST_OPERATION_GSEQ,
TEST_CASE_REF_GSEQ,
DATA_DRIVEN
)
values
(
150,
88,
7,
Null,
Null,
Null,
Null,
47,
'N'
);

insert into TEST_CASE_STEP
(
TEST_CASE_STEP_GSEQ,
TEST_CASE_GSEQ,
STEP_NUMBER,
UI_OBJECT_GSEQ,
VALUE,
SOA_TEST_GSEQ,
TEST_OPERATION_GSEQ,
TEST_CASE_REF_GSEQ,
DATA_DRIVEN
)
values
(
151,
90,
1,
27,
'AutoLogin',
Null,
2,
Null,
'N'
);

insert into TEST_CASE_STEP
(
TEST_CASE_STEP_GSEQ,
TEST_CASE_GSEQ,
STEP_NUMBER,
UI_OBJECT_GSEQ,
VALUE,
SOA_TEST_GSEQ,
TEST_OPERATION_GSEQ,
TEST_CASE_REF_GSEQ,
DATA_DRIVEN
)
values
(
152,
90,
2,
28,
'accounting',
Null,
2,
Null,
'N'
);

insert into TEST_CASE_STEP
(
TEST_CASE_STEP_GSEQ,
TEST_CASE_GSEQ,
STEP_NUMBER,
UI_OBJECT_GSEQ,
VALUE,
SOA_TEST_GSEQ,
TEST_OPERATION_GSEQ,
TEST_CASE_REF_GSEQ,
DATA_DRIVEN
)
values
(
153,
90,
3,
29,
Null,
Null,
15,
Null,
'N'
);

insert into TEST_CASE_STEP
(
TEST_CASE_STEP_GSEQ,
TEST_CASE_GSEQ,
STEP_NUMBER,
UI_OBJECT_GSEQ,
VALUE,
SOA_TEST_GSEQ,
TEST_OPERATION_GSEQ,
TEST_CASE_REF_GSEQ,
DATA_DRIVEN
)
values
(
154,
91,
1,
27,
'AutoLogin',
Null,
2,
Null,
'N'
);

insert into TEST_CASE_STEP
(
TEST_CASE_STEP_GSEQ,
TEST_CASE_GSEQ,
STEP_NUMBER,
UI_OBJECT_GSEQ,
VALUE,
SOA_TEST_GSEQ,
TEST_OPERATION_GSEQ,
TEST_CASE_REF_GSEQ,
DATA_DRIVEN
)
values
(
155,
91,
2,
28,
'accountingmanager',
Null,
2,
Null,
'N'
);

insert into TEST_CASE_STEP
(
TEST_CASE_STEP_GSEQ,
TEST_CASE_GSEQ,
STEP_NUMBER,
UI_OBJECT_GSEQ,
VALUE,
SOA_TEST_GSEQ,
TEST_OPERATION_GSEQ,
TEST_CASE_REF_GSEQ,
DATA_DRIVEN
)
values
(
156,
91,
3,
29,
Null,
Null,
15,
Null,
'N'
);

insert into TEST_CASE_STEP
(
TEST_CASE_STEP_GSEQ,
TEST_CASE_GSEQ,
STEP_NUMBER,
UI_OBJECT_GSEQ,
VALUE,
SOA_TEST_GSEQ,
TEST_OPERATION_GSEQ,
TEST_CASE_REF_GSEQ,
DATA_DRIVEN
)
values
(
157,
92,
1,
27,
'AutoLogin',
Null,
2,
Null,
'N'
);

insert into TEST_CASE_STEP
(
TEST_CASE_STEP_GSEQ,
TEST_CASE_GSEQ,
STEP_NUMBER,
UI_OBJECT_GSEQ,
VALUE,
SOA_TEST_GSEQ,
TEST_OPERATION_GSEQ,
TEST_CASE_REF_GSEQ,
DATA_DRIVEN
)
values
(
158,
92,
2,
28,
'datacustodian',
Null,
2,
Null,
'N'
);

insert into TEST_CASE_STEP
(
TEST_CASE_STEP_GSEQ,
TEST_CASE_GSEQ,
STEP_NUMBER,
UI_OBJECT_GSEQ,
VALUE,
SOA_TEST_GSEQ,
TEST_OPERATION_GSEQ,
TEST_CASE_REF_GSEQ,
DATA_DRIVEN
)
values
(
159,
92,
3,
29,
Null,
Null,
15,
Null,
'N'
);

insert into TEST_CASE_STEP
(
TEST_CASE_STEP_GSEQ,
TEST_CASE_GSEQ,
STEP_NUMBER,
UI_OBJECT_GSEQ,
VALUE,
SOA_TEST_GSEQ,
TEST_OPERATION_GSEQ,
TEST_CASE_REF_GSEQ,
DATA_DRIVEN
)
values
(
160,
93,
1,
27,
'AutoLogin',
Null,
2,
Null,
'N'
);

insert into TEST_CASE_STEP
(
TEST_CASE_STEP_GSEQ,
TEST_CASE_GSEQ,
STEP_NUMBER,
UI_OBJECT_GSEQ,
VALUE,
SOA_TEST_GSEQ,
TEST_OPERATION_GSEQ,
TEST_CASE_REF_GSEQ,
DATA_DRIVEN
)
values
(
161,
93,
2,
28,
'directdepositsme',
Null,
2,
Null,
'N'
);

insert into TEST_CASE_STEP
(
TEST_CASE_STEP_GSEQ,
TEST_CASE_GSEQ,
STEP_NUMBER,
UI_OBJECT_GSEQ,
VALUE,
SOA_TEST_GSEQ,
TEST_OPERATION_GSEQ,
TEST_CASE_REF_GSEQ,
DATA_DRIVEN
)
values
(
162,
93,
3,
29,
Null,
Null,
15,
Null,
'N'
);

insert into TEST_CASE_STEP
(
TEST_CASE_STEP_GSEQ,
TEST_CASE_GSEQ,
STEP_NUMBER,
UI_OBJECT_GSEQ,
VALUE,
SOA_TEST_GSEQ,
TEST_OPERATION_GSEQ,
TEST_CASE_REF_GSEQ,
DATA_DRIVEN
)
values
(
163,
94,
1,
27,
'AutoLogin',
Null,
2,
Null,
'N'
);

insert into TEST_CASE_STEP
(
TEST_CASE_STEP_GSEQ,
TEST_CASE_GSEQ,
STEP_NUMBER,
UI_OBJECT_GSEQ,
VALUE,
SOA_TEST_GSEQ,
TEST_OPERATION_GSEQ,
TEST_CASE_REF_GSEQ,
DATA_DRIVEN
)
values
(
164,
94,
2,
28,
'directdeposittieriii',
Null,
2,
Null,
'N'
);

insert into TEST_CASE_STEP
(
TEST_CASE_STEP_GSEQ,
TEST_CASE_GSEQ,
STEP_NUMBER,
UI_OBJECT_GSEQ,
VALUE,
SOA_TEST_GSEQ,
TEST_OPERATION_GSEQ,
TEST_CASE_REF_GSEQ,
DATA_DRIVEN
)
values
(
165,
94,
3,
29,
Null,
Null,
15,
Null,
'N'
);

insert into TEST_CASE_STEP
(
TEST_CASE_STEP_GSEQ,
TEST_CASE_GSEQ,
STEP_NUMBER,
UI_OBJECT_GSEQ,
VALUE,
SOA_TEST_GSEQ,
TEST_OPERATION_GSEQ,
TEST_CASE_REF_GSEQ,
DATA_DRIVEN
)
values
(
166,
95,
1,
27,
'AutoLogin',
Null,
2,
Null,
'N'
);

insert into TEST_CASE_STEP
(
TEST_CASE_STEP_GSEQ,
TEST_CASE_GSEQ,
STEP_NUMBER,
UI_OBJECT_GSEQ,
VALUE,
SOA_TEST_GSEQ,
TEST_OPERATION_GSEQ,
TEST_CASE_REF_GSEQ,
DATA_DRIVEN
)
values
(
167,
95,
2,
28,
'frgmanager',
Null,
2,
Null,
'N'
);

insert into TEST_CASE_STEP
(
TEST_CASE_STEP_GSEQ,
TEST_CASE_GSEQ,
STEP_NUMBER,
UI_OBJECT_GSEQ,
VALUE,
SOA_TEST_GSEQ,
TEST_OPERATION_GSEQ,
TEST_CASE_REF_GSEQ,
DATA_DRIVEN
)
values
(
168,
95,
3,
29,
Null,
Null,
15,
Null,
'N'
);

insert into TEST_CASE_STEP
(
TEST_CASE_STEP_GSEQ,
TEST_CASE_GSEQ,
STEP_NUMBER,
UI_OBJECT_GSEQ,
VALUE,
SOA_TEST_GSEQ,
TEST_OPERATION_GSEQ,
TEST_CASE_REF_GSEQ,
DATA_DRIVEN
)
values
(
169,
96,
1,
27,
'AutoLogin',
Null,
2,
Null,
'N'
);

insert into TEST_CASE_STEP
(
TEST_CASE_STEP_GSEQ,
TEST_CASE_GSEQ,
STEP_NUMBER,
UI_OBJECT_GSEQ,
VALUE,
SOA_TEST_GSEQ,
TEST_OPERATION_GSEQ,
TEST_CASE_REF_GSEQ,
DATA_DRIVEN
)
values
(
170,
96,
2,
28,
'frgrep',
Null,
2,
Null,
'N'
);

insert into TEST_CASE_STEP
(
TEST_CASE_STEP_GSEQ,
TEST_CASE_GSEQ,
STEP_NUMBER,
UI_OBJECT_GSEQ,
VALUE,
SOA_TEST_GSEQ,
TEST_OPERATION_GSEQ,
TEST_CASE_REF_GSEQ,
DATA_DRIVEN
)
values
(
171,
96,
3,
29,
Null,
Null,
15,
Null,
'N'
);

insert into TEST_CASE_STEP
(
TEST_CASE_STEP_GSEQ,
TEST_CASE_GSEQ,
STEP_NUMBER,
UI_OBJECT_GSEQ,
VALUE,
SOA_TEST_GSEQ,
TEST_OPERATION_GSEQ,
TEST_CASE_REF_GSEQ,
DATA_DRIVEN
)
values
(
172,
97,
1,
27,
'AutoLogin',
Null,
2,
Null,
'N'
);

insert into TEST_CASE_STEP
(
TEST_CASE_STEP_GSEQ,
TEST_CASE_GSEQ,
STEP_NUMBER,
UI_OBJECT_GSEQ,
VALUE,
SOA_TEST_GSEQ,
TEST_OPERATION_GSEQ,
TEST_CASE_REF_GSEQ,
DATA_DRIVEN
)
values
(
173,
97,
2,
28,
'frgsupervisor',
Null,
2,
Null,
'N'
);

insert into TEST_CASE_STEP
(
TEST_CASE_STEP_GSEQ,
TEST_CASE_GSEQ,
STEP_NUMBER,
UI_OBJECT_GSEQ,
VALUE,
SOA_TEST_GSEQ,
TEST_OPERATION_GSEQ,
TEST_CASE_REF_GSEQ,
DATA_DRIVEN
)
values
(
174,
97,
3,
29,
Null,
Null,
15,
Null,
'N'
);

insert into TEST_CASE_STEP
(
TEST_CASE_STEP_GSEQ,
TEST_CASE_GSEQ,
STEP_NUMBER,
UI_OBJECT_GSEQ,
VALUE,
SOA_TEST_GSEQ,
TEST_OPERATION_GSEQ,
TEST_CASE_REF_GSEQ,
DATA_DRIVEN
)
values
(
175,
98,
1,
27,
'AutoLogin',
Null,
2,
Null,
'N'
);

insert into TEST_CASE_STEP
(
TEST_CASE_STEP_GSEQ,
TEST_CASE_GSEQ,
STEP_NUMBER,
UI_OBJECT_GSEQ,
VALUE,
SOA_TEST_GSEQ,
TEST_OPERATION_GSEQ,
TEST_CASE_REF_GSEQ,
DATA_DRIVEN
)
values
(
176,
98,
2,
28,
'helpdesk',
Null,
2,
Null,
'N'
);

insert into TEST_CASE_STEP
(
TEST_CASE_STEP_GSEQ,
TEST_CASE_GSEQ,
STEP_NUMBER,
UI_OBJECT_GSEQ,
VALUE,
SOA_TEST_GSEQ,
TEST_OPERATION_GSEQ,
TEST_CASE_REF_GSEQ,
DATA_DRIVEN
)
values
(
177,
98,
3,
29,
Null,
Null,
15,
Null,
'N'
);

insert into TEST_CASE_STEP
(
TEST_CASE_STEP_GSEQ,
TEST_CASE_GSEQ,
STEP_NUMBER,
UI_OBJECT_GSEQ,
VALUE,
SOA_TEST_GSEQ,
TEST_OPERATION_GSEQ,
TEST_CASE_REF_GSEQ,
DATA_DRIVEN
)
values
(
178,
99,
1,
27,
'AutoLogin',
Null,
2,
Null,
'N'
);

insert into TEST_CASE_STEP
(
TEST_CASE_STEP_GSEQ,
TEST_CASE_GSEQ,
STEP_NUMBER,
UI_OBJECT_GSEQ,
VALUE,
SOA_TEST_GSEQ,
TEST_OPERATION_GSEQ,
TEST_CASE_REF_GSEQ,
DATA_DRIVEN
)
values
(
179,
99,
2,
28,
'operator',
Null,
2,
Null,
'N'
);

insert into TEST_CASE_STEP
(
TEST_CASE_STEP_GSEQ,
TEST_CASE_GSEQ,
STEP_NUMBER,
UI_OBJECT_GSEQ,
VALUE,
SOA_TEST_GSEQ,
TEST_OPERATION_GSEQ,
TEST_CASE_REF_GSEQ,
DATA_DRIVEN
)
values
(
180,
99,
3,
29,
Null,
Null,
15,
Null,
'N'
);

insert into TEST_CASE_STEP
(
TEST_CASE_STEP_GSEQ,
TEST_CASE_GSEQ,
STEP_NUMBER,
UI_OBJECT_GSEQ,
VALUE,
SOA_TEST_GSEQ,
TEST_OPERATION_GSEQ,
TEST_CASE_REF_GSEQ,
DATA_DRIVEN
)
values
(
181,
100,
1,
27,
'AutoLogin',
Null,
2,
Null,
'N'
);

insert into TEST_CASE_STEP
(
TEST_CASE_STEP_GSEQ,
TEST_CASE_GSEQ,
STEP_NUMBER,
UI_OBJECT_GSEQ,
VALUE,
SOA_TEST_GSEQ,
TEST_OPERATION_GSEQ,
TEST_CASE_REF_GSEQ,
DATA_DRIVEN
)
values
(
182,
100,
2,
28,
'poa',
Null,
2,
Null,
'N'
);

insert into TEST_CASE_STEP
(
TEST_CASE_STEP_GSEQ,
TEST_CASE_GSEQ,
STEP_NUMBER,
UI_OBJECT_GSEQ,
VALUE,
SOA_TEST_GSEQ,
TEST_OPERATION_GSEQ,
TEST_CASE_REF_GSEQ,
DATA_DRIVEN
)
values
(
183,
100,
3,
29,
Null,
Null,
15,
Null,
'N'
);

insert into TEST_CASE_STEP
(
TEST_CASE_STEP_GSEQ,
TEST_CASE_GSEQ,
STEP_NUMBER,
UI_OBJECT_GSEQ,
VALUE,
SOA_TEST_GSEQ,
TEST_OPERATION_GSEQ,
TEST_CASE_REF_GSEQ,
DATA_DRIVEN
)
values
(
184,
101,
1,
27,
'AutoLogin',
Null,
2,
Null,
'N'
);

insert into TEST_CASE_STEP
(
TEST_CASE_STEP_GSEQ,
TEST_CASE_GSEQ,
STEP_NUMBER,
UI_OBJECT_GSEQ,
VALUE,
SOA_TEST_GSEQ,
TEST_OPERATION_GSEQ,
TEST_CASE_REF_GSEQ,
DATA_DRIVEN
)
values
(
185,
101,
2,
28,
'psoagent',
Null,
2,
Null,
'N'
);

insert into TEST_CASE_STEP
(
TEST_CASE_STEP_GSEQ,
TEST_CASE_GSEQ,
STEP_NUMBER,
UI_OBJECT_GSEQ,
VALUE,
SOA_TEST_GSEQ,
TEST_OPERATION_GSEQ,
TEST_CASE_REF_GSEQ,
DATA_DRIVEN
)
values
(
186,
101,
3,
29,
Null,
Null,
15,
Null,
'N'
);

insert into TEST_CASE_STEP
(
TEST_CASE_STEP_GSEQ,
TEST_CASE_GSEQ,
STEP_NUMBER,
UI_OBJECT_GSEQ,
VALUE,
SOA_TEST_GSEQ,
TEST_OPERATION_GSEQ,
TEST_CASE_REF_GSEQ,
DATA_DRIVEN
)
values
(
187,
102,
1,
27,
'AutoLogin',
Null,
2,
Null,
'N'
);

insert into TEST_CASE_STEP
(
TEST_CASE_STEP_GSEQ,
TEST_CASE_GSEQ,
STEP_NUMBER,
UI_OBJECT_GSEQ,
VALUE,
SOA_TEST_GSEQ,
TEST_OPERATION_GSEQ,
TEST_CASE_REF_GSEQ,
DATA_DRIVEN
)
values
(
188,
102,
2,
28,
'pssrep',
Null,
2,
Null,
'N'
);

insert into TEST_CASE_STEP
(
TEST_CASE_STEP_GSEQ,
TEST_CASE_GSEQ,
STEP_NUMBER,
UI_OBJECT_GSEQ,
VALUE,
SOA_TEST_GSEQ,
TEST_OPERATION_GSEQ,
TEST_CASE_REF_GSEQ,
DATA_DRIVEN
)
values
(
189,
102,
3,
29,
Null,
Null,
15,
Null,
'N'
);

insert into TEST_CASE_STEP
(
TEST_CASE_STEP_GSEQ,
TEST_CASE_GSEQ,
STEP_NUMBER,
UI_OBJECT_GSEQ,
VALUE,
SOA_TEST_GSEQ,
TEST_OPERATION_GSEQ,
TEST_CASE_REF_GSEQ,
DATA_DRIVEN
)
values
(
190,
103,
1,
27,
'AutoLogin',
Null,
2,
Null,
'N'
);

insert into TEST_CASE_STEP
(
TEST_CASE_STEP_GSEQ,
TEST_CASE_GSEQ,
STEP_NUMBER,
UI_OBJECT_GSEQ,
VALUE,
SOA_TEST_GSEQ,
TEST_OPERATION_GSEQ,
TEST_CASE_REF_GSEQ,
DATA_DRIVEN
)
values
(
191,
103,
2,
28,
'psssupervisor',
Null,
2,
Null,
'N'
);

insert into TEST_CASE_STEP
(
TEST_CASE_STEP_GSEQ,
TEST_CASE_GSEQ,
STEP_NUMBER,
UI_OBJECT_GSEQ,
VALUE,
SOA_TEST_GSEQ,
TEST_OPERATION_GSEQ,
TEST_CASE_REF_GSEQ,
DATA_DRIVEN
)
values
(
192,
103,
3,
29,
Null,
Null,
15,
Null,
'N'
);

insert into TEST_CASE_STEP
(
TEST_CASE_STEP_GSEQ,
TEST_CASE_GSEQ,
STEP_NUMBER,
UI_OBJECT_GSEQ,
VALUE,
SOA_TEST_GSEQ,
TEST_OPERATION_GSEQ,
TEST_CASE_REF_GSEQ,
DATA_DRIVEN
)
values
(
193,
104,
1,
27,
'AutoLogin',
Null,
2,
Null,
'N'
);

insert into TEST_CASE_STEP
(
TEST_CASE_STEP_GSEQ,
TEST_CASE_GSEQ,
STEP_NUMBER,
UI_OBJECT_GSEQ,
VALUE,
SOA_TEST_GSEQ,
TEST_OPERATION_GSEQ,
TEST_CASE_REF_GSEQ,
DATA_DRIVEN
)
values
(
194,
104,
2,
28,
'qboe-iopproductspecialist',
Null,
2,
Null,
'N'
);

insert into TEST_CASE_STEP
(
TEST_CASE_STEP_GSEQ,
TEST_CASE_GSEQ,
STEP_NUMBER,
UI_OBJECT_GSEQ,
VALUE,
SOA_TEST_GSEQ,
TEST_OPERATION_GSEQ,
TEST_CASE_REF_GSEQ,
DATA_DRIVEN
)
values
(
195,
104,
3,
29,
Null,
Null,
15,
Null,
'N'
);

insert into TEST_CASE_STEP
(
TEST_CASE_STEP_GSEQ,
TEST_CASE_GSEQ,
STEP_NUMBER,
UI_OBJECT_GSEQ,
VALUE,
SOA_TEST_GSEQ,
TEST_OPERATION_GSEQ,
TEST_CASE_REF_GSEQ,
DATA_DRIVEN
)
values
(
196,
105,
1,
27,
'AutoLogin',
Null,
2,
Null,
'N'
);

insert into TEST_CASE_STEP
(
TEST_CASE_STEP_GSEQ,
TEST_CASE_GSEQ,
STEP_NUMBER,
UI_OBJECT_GSEQ,
VALUE,
SOA_TEST_GSEQ,
TEST_OPERATION_GSEQ,
TEST_CASE_REF_GSEQ,
DATA_DRIVEN
)
values
(
197,
105,
2,
28,
'qboe-ioprep',
Null,
2,
Null,
'N'
);

insert into TEST_CASE_STEP
(
TEST_CASE_STEP_GSEQ,
TEST_CASE_GSEQ,
STEP_NUMBER,
UI_OBJECT_GSEQ,
VALUE,
SOA_TEST_GSEQ,
TEST_OPERATION_GSEQ,
TEST_CASE_REF_GSEQ,
DATA_DRIVEN
)
values
(
198,
105,
3,
29,
Null,
Null,
15,
Null,
'N'
);

insert into TEST_CASE_STEP
(
TEST_CASE_STEP_GSEQ,
TEST_CASE_GSEQ,
STEP_NUMBER,
UI_OBJECT_GSEQ,
VALUE,
SOA_TEST_GSEQ,
TEST_OPERATION_GSEQ,
TEST_CASE_REF_GSEQ,
DATA_DRIVEN
)
values
(
199,
106,
1,
27,
'AutoLogin',
Null,
2,
Null,
'N'
);

insert into TEST_CASE_STEP
(
TEST_CASE_STEP_GSEQ,
TEST_CASE_GSEQ,
STEP_NUMBER,
UI_OBJECT_GSEQ,
VALUE,
SOA_TEST_GSEQ,
TEST_OPERATION_GSEQ,
TEST_CASE_REF_GSEQ,
DATA_DRIVEN
)
values
(
200,
106,
2,
28,
'qboe-iopseniorrep',
Null,
2,
Null,
'N'
);

insert into TEST_CASE_STEP
(
TEST_CASE_STEP_GSEQ,
TEST_CASE_GSEQ,
STEP_NUMBER,
UI_OBJECT_GSEQ,
VALUE,
SOA_TEST_GSEQ,
TEST_OPERATION_GSEQ,
TEST_CASE_REF_GSEQ,
DATA_DRIVEN
)
values
(
201,
106,
3,
29,
Null,
Null,
15,
Null,
'N'
);

insert into TEST_CASE_STEP
(
TEST_CASE_STEP_GSEQ,
TEST_CASE_GSEQ,
STEP_NUMBER,
UI_OBJECT_GSEQ,
VALUE,
SOA_TEST_GSEQ,
TEST_OPERATION_GSEQ,
TEST_CASE_REF_GSEQ,
DATA_DRIVEN
)
values
(
202,
107,
1,
27,
'AutoLogin',
Null,
2,
Null,
'N'
);

insert into TEST_CASE_STEP
(
TEST_CASE_STEP_GSEQ,
TEST_CASE_GSEQ,
STEP_NUMBER,
UI_OBJECT_GSEQ,
VALUE,
SOA_TEST_GSEQ,
TEST_OPERATION_GSEQ,
TEST_CASE_REF_GSEQ,
DATA_DRIVEN
)
values
(
203,
107,
2,
28,
'qboe-iopteamlead',
Null,
2,
Null,
'N'
);

insert into TEST_CASE_STEP
(
TEST_CASE_STEP_GSEQ,
TEST_CASE_GSEQ,
STEP_NUMBER,
UI_OBJECT_GSEQ,
VALUE,
SOA_TEST_GSEQ,
TEST_OPERATION_GSEQ,
TEST_CASE_REF_GSEQ,
DATA_DRIVEN
)
values
(
204,
107,
3,
29,
Null,
Null,
15,
Null,
'N'
);

insert into TEST_CASE_STEP
(
TEST_CASE_STEP_GSEQ,
TEST_CASE_GSEQ,
STEP_NUMBER,
UI_OBJECT_GSEQ,
VALUE,
SOA_TEST_GSEQ,
TEST_OPERATION_GSEQ,
TEST_CASE_REF_GSEQ,
DATA_DRIVEN
)
values
(
205,
108,
1,
27,
'AutoLogin',
Null,
2,
Null,
'N'
);

insert into TEST_CASE_STEP
(
TEST_CASE_STEP_GSEQ,
TEST_CASE_GSEQ,
STEP_NUMBER,
UI_OBJECT_GSEQ,
VALUE,
SOA_TEST_GSEQ,
TEST_OPERATION_GSEQ,
TEST_CASE_REF_GSEQ,
DATA_DRIVEN
)
values
(
206,
108,
2,
28,
'rmmanager',
Null,
2,
Null,
'N'
);

insert into TEST_CASE_STEP
(
TEST_CASE_STEP_GSEQ,
TEST_CASE_GSEQ,
STEP_NUMBER,
UI_OBJECT_GSEQ,
VALUE,
SOA_TEST_GSEQ,
TEST_OPERATION_GSEQ,
TEST_CASE_REF_GSEQ,
DATA_DRIVEN
)
values
(
207,
108,
3,
29,
Null,
Null,
15,
Null,
'N'
);

insert into TEST_CASE_STEP
(
TEST_CASE_STEP_GSEQ,
TEST_CASE_GSEQ,
STEP_NUMBER,
UI_OBJECT_GSEQ,
VALUE,
SOA_TEST_GSEQ,
TEST_OPERATION_GSEQ,
TEST_CASE_REF_GSEQ,
DATA_DRIVEN
)
values
(
208,
109,
1,
27,
'AutoLogin',
Null,
2,
Null,
'N'
);

insert into TEST_CASE_STEP
(
TEST_CASE_STEP_GSEQ,
TEST_CASE_GSEQ,
STEP_NUMBER,
UI_OBJECT_GSEQ,
VALUE,
SOA_TEST_GSEQ,
TEST_OPERATION_GSEQ,
TEST_CASE_REF_GSEQ,
DATA_DRIVEN
)
values
(
209,
109,
2,
28,
'rmrep',
Null,
2,
Null,
'N'
);

insert into TEST_CASE_STEP
(
TEST_CASE_STEP_GSEQ,
TEST_CASE_GSEQ,
STEP_NUMBER,
UI_OBJECT_GSEQ,
VALUE,
SOA_TEST_GSEQ,
TEST_OPERATION_GSEQ,
TEST_CASE_REF_GSEQ,
DATA_DRIVEN
)
values
(
210,
109,
3,
29,
Null,
Null,
15,
Null,
'N'
);

insert into TEST_CASE_STEP
(
TEST_CASE_STEP_GSEQ,
TEST_CASE_GSEQ,
STEP_NUMBER,
UI_OBJECT_GSEQ,
VALUE,
SOA_TEST_GSEQ,
TEST_OPERATION_GSEQ,
TEST_CASE_REF_GSEQ,
DATA_DRIVEN
)
values
(
211,
110,
1,
27,
'AutoLogin',
Null,
2,
Null,
'N'
);

insert into TEST_CASE_STEP
(
TEST_CASE_STEP_GSEQ,
TEST_CASE_GSEQ,
STEP_NUMBER,
UI_OBJECT_GSEQ,
VALUE,
SOA_TEST_GSEQ,
TEST_OPERATION_GSEQ,
TEST_CASE_REF_GSEQ,
DATA_DRIVEN
)
values
(
212,
110,
2,
28,
'rmsupervisor',
Null,
2,
Null,
'N'
);

insert into TEST_CASE_STEP
(
TEST_CASE_STEP_GSEQ,
TEST_CASE_GSEQ,
STEP_NUMBER,
UI_OBJECT_GSEQ,
VALUE,
SOA_TEST_GSEQ,
TEST_OPERATION_GSEQ,
TEST_CASE_REF_GSEQ,
DATA_DRIVEN
)
values
(
213,
110,
3,
29,
Null,
Null,
15,
Null,
'N'
);

insert into TEST_CASE_STEP
(
TEST_CASE_STEP_GSEQ,
TEST_CASE_GSEQ,
STEP_NUMBER,
UI_OBJECT_GSEQ,
VALUE,
SOA_TEST_GSEQ,
TEST_OPERATION_GSEQ,
TEST_CASE_REF_GSEQ,
DATA_DRIVEN
)
values
(
214,
111,
1,
27,
'AutoLogin',
Null,
2,
Null,
'N'
);

insert into TEST_CASE_STEP
(
TEST_CASE_STEP_GSEQ,
TEST_CASE_GSEQ,
STEP_NUMBER,
UI_OBJECT_GSEQ,
VALUE,
SOA_TEST_GSEQ,
TEST_OPERATION_GSEQ,
TEST_CASE_REF_GSEQ,
DATA_DRIVEN
)
values
(
215,
111,
2,
28,
'readonly',
Null,
2,
Null,
'N'
);

insert into TEST_CASE_STEP
(
TEST_CASE_STEP_GSEQ,
TEST_CASE_GSEQ,
STEP_NUMBER,
UI_OBJECT_GSEQ,
VALUE,
SOA_TEST_GSEQ,
TEST_OPERATION_GSEQ,
TEST_CASE_REF_GSEQ,
DATA_DRIVEN
)
values
(
216,
111,
3,
29,
Null,
Null,
15,
Null,
'N'
);

insert into TEST_CASE_STEP
(
TEST_CASE_STEP_GSEQ,
TEST_CASE_GSEQ,
STEP_NUMBER,
UI_OBJECT_GSEQ,
VALUE,
SOA_TEST_GSEQ,
TEST_OPERATION_GSEQ,
TEST_CASE_REF_GSEQ,
DATA_DRIVEN
)
values
(
217,
112,
1,
27,
'AutoLogin',
Null,
2,
Null,
'N'
);

insert into TEST_CASE_STEP
(
TEST_CASE_STEP_GSEQ,
TEST_CASE_GSEQ,
STEP_NUMBER,
UI_OBJECT_GSEQ,
VALUE,
SOA_TEST_GSEQ,
TEST_OPERATION_GSEQ,
TEST_CASE_REF_GSEQ,
DATA_DRIVEN
)
values
(
218,
112,
2,
28,
'activationssme',
Null,
2,
Null,
'N'
);

insert into TEST_CASE_STEP
(
TEST_CASE_STEP_GSEQ,
TEST_CASE_GSEQ,
STEP_NUMBER,
UI_OBJECT_GSEQ,
VALUE,
SOA_TEST_GSEQ,
TEST_OPERATION_GSEQ,
TEST_CASE_REF_GSEQ,
DATA_DRIVEN
)
values
(
219,
112,
3,
29,
Null,
Null,
15,
Null,
'N'
);

insert into TEST_CASE_STEP
(
TEST_CASE_STEP_GSEQ,
TEST_CASE_GSEQ,
STEP_NUMBER,
UI_OBJECT_GSEQ,
VALUE,
SOA_TEST_GSEQ,
TEST_OPERATION_GSEQ,
TEST_CASE_REF_GSEQ,
DATA_DRIVEN
)
values
(
220,
113,
1,
27,
'AutoLogin',
Null,
2,
Null,
'N'
);

insert into TEST_CASE_STEP
(
TEST_CASE_STEP_GSEQ,
TEST_CASE_GSEQ,
STEP_NUMBER,
UI_OBJECT_GSEQ,
VALUE,
SOA_TEST_GSEQ,
TEST_OPERATION_GSEQ,
TEST_CASE_REF_GSEQ,
DATA_DRIVEN
)
values
(
221,
113,
2,
28,
'activationstieriii',
Null,
2,
Null,
'N'
);

insert into TEST_CASE_STEP
(
TEST_CASE_STEP_GSEQ,
TEST_CASE_GSEQ,
STEP_NUMBER,
UI_OBJECT_GSEQ,
VALUE,
SOA_TEST_GSEQ,
TEST_OPERATION_GSEQ,
TEST_CASE_REF_GSEQ,
DATA_DRIVEN
)
values
(
222,
113,
3,
29,
Null,
Null,
15,
Null,
'N'
);

insert into TEST_CASE_STEP
(
TEST_CASE_STEP_GSEQ,
TEST_CASE_GSEQ,
STEP_NUMBER,
UI_OBJECT_GSEQ,
VALUE,
SOA_TEST_GSEQ,
TEST_OPERATION_GSEQ,
TEST_CASE_REF_GSEQ,
DATA_DRIVEN
)
values
(
223,
113,
4,
31,
Null,
Null,
15,
Null,
'N'
);

insert into TEST_CASE_STEP
(
TEST_CASE_STEP_GSEQ,
TEST_CASE_GSEQ,
STEP_NUMBER,
UI_OBJECT_GSEQ,
VALUE,
SOA_TEST_GSEQ,
TEST_OPERATION_GSEQ,
TEST_CASE_REF_GSEQ,
DATA_DRIVEN
)
values
(
224,
114,
1,
27,
'AutoLogin',
Null,
2,
Null,
'N'
);

insert into TEST_CASE_STEP
(
TEST_CASE_STEP_GSEQ,
TEST_CASE_GSEQ,
STEP_NUMBER,
UI_OBJECT_GSEQ,
VALUE,
SOA_TEST_GSEQ,
TEST_OPERATION_GSEQ,
TEST_CASE_REF_GSEQ,
DATA_DRIVEN
)
values
(
225,
114,
2,
28,
'taxrep',
Null,
2,
Null,
'N'
);

insert into TEST_CASE_STEP
(
TEST_CASE_STEP_GSEQ,
TEST_CASE_GSEQ,
STEP_NUMBER,
UI_OBJECT_GSEQ,
VALUE,
SOA_TEST_GSEQ,
TEST_OPERATION_GSEQ,
TEST_CASE_REF_GSEQ,
DATA_DRIVEN
)
values
(
226,
114,
3,
29,
Null,
Null,
15,
Null,
'N'
);

insert into TEST_CASE_STEP
(
TEST_CASE_STEP_GSEQ,
TEST_CASE_GSEQ,
STEP_NUMBER,
UI_OBJECT_GSEQ,
VALUE,
SOA_TEST_GSEQ,
TEST_OPERATION_GSEQ,
TEST_CASE_REF_GSEQ,
DATA_DRIVEN
)
values
(
227,
88,
8,
Null,
Null,
Null,
Null,
48,
'N'
);

insert into TEST_CASE_STEP
(
TEST_CASE_STEP_GSEQ,
TEST_CASE_GSEQ,
STEP_NUMBER,
UI_OBJECT_GSEQ,
VALUE,
SOA_TEST_GSEQ,
TEST_OPERATION_GSEQ,
TEST_CASE_REF_GSEQ,
DATA_DRIVEN
)
values
(
228,
88,
9,
31,
'TRUE',
Null,
10,
Null,
'N'
);

insert into TEST_CASE_STEP
(
TEST_CASE_STEP_GSEQ,
TEST_CASE_GSEQ,
STEP_NUMBER,
UI_OBJECT_GSEQ,
VALUE,
SOA_TEST_GSEQ,
TEST_OPERATION_GSEQ,
TEST_CASE_REF_GSEQ,
DATA_DRIVEN
)
values
(
229,
88,
10,
Null,
Null,
Null,
Null,
47,
'N'
);

insert into TEST_CASE_STEP
(
TEST_CASE_STEP_GSEQ,
TEST_CASE_GSEQ,
STEP_NUMBER,
UI_OBJECT_GSEQ,
VALUE,
SOA_TEST_GSEQ,
TEST_OPERATION_GSEQ,
TEST_CASE_REF_GSEQ,
DATA_DRIVEN
)
values
(
230,
88,
11,
Null,
Null,
Null,
Null,
112,
'N'
);

insert into TEST_CASE_STEP
(
TEST_CASE_STEP_GSEQ,
TEST_CASE_GSEQ,
STEP_NUMBER,
UI_OBJECT_GSEQ,
VALUE,
SOA_TEST_GSEQ,
TEST_OPERATION_GSEQ,
TEST_CASE_REF_GSEQ,
DATA_DRIVEN
)
values
(
231,
88,
12,
31,
'TRUE',
Null,
10,
Null,
'N'
);

insert into TEST_CASE_STEP
(
TEST_CASE_STEP_GSEQ,
TEST_CASE_GSEQ,
STEP_NUMBER,
UI_OBJECT_GSEQ,
VALUE,
SOA_TEST_GSEQ,
TEST_OPERATION_GSEQ,
TEST_CASE_REF_GSEQ,
DATA_DRIVEN
)
values
(
232,
88,
13,
Null,
Null,
Null,
Null,
47,
'N'
);

insert into TEST_CASE_STEP
(
TEST_CASE_STEP_GSEQ,
TEST_CASE_GSEQ,
STEP_NUMBER,
UI_OBJECT_GSEQ,
VALUE,
SOA_TEST_GSEQ,
TEST_OPERATION_GSEQ,
TEST_CASE_REF_GSEQ,
DATA_DRIVEN
)
values
(
233,
88,
14,
Null,
Null,
Null,
Null,
113,
'N'
);

insert into TEST_CASE_STEP
(
TEST_CASE_STEP_GSEQ,
TEST_CASE_GSEQ,
STEP_NUMBER,
UI_OBJECT_GSEQ,
VALUE,
SOA_TEST_GSEQ,
TEST_OPERATION_GSEQ,
TEST_CASE_REF_GSEQ,
DATA_DRIVEN
)
values
(
234,
88,
15,
31,
'TRUE',
Null,
10,
Null,
'N'
);

insert into TEST_CASE_STEP
(
TEST_CASE_STEP_GSEQ,
TEST_CASE_GSEQ,
STEP_NUMBER,
UI_OBJECT_GSEQ,
VALUE,
SOA_TEST_GSEQ,
TEST_OPERATION_GSEQ,
TEST_CASE_REF_GSEQ,
DATA_DRIVEN
)
values
(
235,
88,
16,
Null,
Null,
Null,
Null,
47,
'N'
);

insert into TEST_CASE_STEP
(
TEST_CASE_STEP_GSEQ,
TEST_CASE_GSEQ,
STEP_NUMBER,
UI_OBJECT_GSEQ,
VALUE,
SOA_TEST_GSEQ,
TEST_OPERATION_GSEQ,
TEST_CASE_REF_GSEQ,
DATA_DRIVEN
)
values
(
236,
88,
17,
Null,
Null,
Null,
Null,
1,
'N'
);

insert into TEST_CASE_STEP
(
TEST_CASE_STEP_GSEQ,
TEST_CASE_GSEQ,
STEP_NUMBER,
UI_OBJECT_GSEQ,
VALUE,
SOA_TEST_GSEQ,
TEST_OPERATION_GSEQ,
TEST_CASE_REF_GSEQ,
DATA_DRIVEN
)
values
(
237,
88,
18,
31,
'TRUE',
Null,
10,
Null,
'N'
);

insert into TEST_CASE_STEP
(
TEST_CASE_STEP_GSEQ,
TEST_CASE_GSEQ,
STEP_NUMBER,
UI_OBJECT_GSEQ,
VALUE,
SOA_TEST_GSEQ,
TEST_OPERATION_GSEQ,
TEST_CASE_REF_GSEQ,
DATA_DRIVEN
)
values
(
238,
88,
19,
Null,
Null,
Null,
Null,
47,
'N'
);

insert into TEST_CASE_STEP
(
TEST_CASE_STEP_GSEQ,
TEST_CASE_GSEQ,
STEP_NUMBER,
UI_OBJECT_GSEQ,
VALUE,
SOA_TEST_GSEQ,
TEST_OPERATION_GSEQ,
TEST_CASE_REF_GSEQ,
DATA_DRIVEN
)
values
(
239,
88,
20,
Null,
Null,
Null,
Null,
92,
'N'
);

insert into TEST_CASE_STEP
(
TEST_CASE_STEP_GSEQ,
TEST_CASE_GSEQ,
STEP_NUMBER,
UI_OBJECT_GSEQ,
VALUE,
SOA_TEST_GSEQ,
TEST_OPERATION_GSEQ,
TEST_CASE_REF_GSEQ,
DATA_DRIVEN
)
values
(
240,
88,
21,
31,
'FALSE',
Null,
57,
Null,
'N'
);

insert into TEST_CASE_STEP
(
TEST_CASE_STEP_GSEQ,
TEST_CASE_GSEQ,
STEP_NUMBER,
UI_OBJECT_GSEQ,
VALUE,
SOA_TEST_GSEQ,
TEST_OPERATION_GSEQ,
TEST_CASE_REF_GSEQ,
DATA_DRIVEN
)
values
(
241,
88,
22,
Null,
Null,
Null,
Null,
47,
'N'
);

insert into TEST_CASE_STEP
(
TEST_CASE_STEP_GSEQ,
TEST_CASE_GSEQ,
STEP_NUMBER,
UI_OBJECT_GSEQ,
VALUE,
SOA_TEST_GSEQ,
TEST_OPERATION_GSEQ,
TEST_CASE_REF_GSEQ,
DATA_DRIVEN
)
values
(
242,
88,
23,
Null,
Null,
Null,
Null,
93,
'N'
);

insert into TEST_CASE_STEP
(
TEST_CASE_STEP_GSEQ,
TEST_CASE_GSEQ,
STEP_NUMBER,
UI_OBJECT_GSEQ,
VALUE,
SOA_TEST_GSEQ,
TEST_OPERATION_GSEQ,
TEST_CASE_REF_GSEQ,
DATA_DRIVEN
)
values
(
243,
88,
24,
31,
'FALSE',
Null,
57,
Null,
'N'
);

insert into TEST_CASE_STEP
(
TEST_CASE_STEP_GSEQ,
TEST_CASE_GSEQ,
STEP_NUMBER,
UI_OBJECT_GSEQ,
VALUE,
SOA_TEST_GSEQ,
TEST_OPERATION_GSEQ,
TEST_CASE_REF_GSEQ,
DATA_DRIVEN
)
values
(
244,
88,
25,
Null,
Null,
Null,
Null,
47,
'N'
);

insert into TEST_CASE_STEP
(
TEST_CASE_STEP_GSEQ,
TEST_CASE_GSEQ,
STEP_NUMBER,
UI_OBJECT_GSEQ,
VALUE,
SOA_TEST_GSEQ,
TEST_OPERATION_GSEQ,
TEST_CASE_REF_GSEQ,
DATA_DRIVEN
)
values
(
245,
88,
26,
Null,
Null,
Null,
Null,
94,
'N'
);

insert into TEST_CASE_STEP
(
TEST_CASE_STEP_GSEQ,
TEST_CASE_GSEQ,
STEP_NUMBER,
UI_OBJECT_GSEQ,
VALUE,
SOA_TEST_GSEQ,
TEST_OPERATION_GSEQ,
TEST_CASE_REF_GSEQ,
DATA_DRIVEN
)
values
(
246,
88,
27,
31,
'FALSE',
Null,
57,
Null,
'N'
);

insert into TEST_CASE_STEP
(
TEST_CASE_STEP_GSEQ,
TEST_CASE_GSEQ,
STEP_NUMBER,
UI_OBJECT_GSEQ,
VALUE,
SOA_TEST_GSEQ,
TEST_OPERATION_GSEQ,
TEST_CASE_REF_GSEQ,
DATA_DRIVEN
)
values
(
247,
88,
28,
Null,
Null,
Null,
Null,
47,
'N'
);

insert into TEST_CASE_STEP
(
TEST_CASE_STEP_GSEQ,
TEST_CASE_GSEQ,
STEP_NUMBER,
UI_OBJECT_GSEQ,
VALUE,
SOA_TEST_GSEQ,
TEST_OPERATION_GSEQ,
TEST_CASE_REF_GSEQ,
DATA_DRIVEN
)
values
(
248,
88,
29,
Null,
Null,
Null,
Null,
95,
'N'
);

insert into TEST_CASE_STEP
(
TEST_CASE_STEP_GSEQ,
TEST_CASE_GSEQ,
STEP_NUMBER,
UI_OBJECT_GSEQ,
VALUE,
SOA_TEST_GSEQ,
TEST_OPERATION_GSEQ,
TEST_CASE_REF_GSEQ,
DATA_DRIVEN
)
values
(
249,
88,
30,
31,
'FALSE',
Null,
57,
Null,
'N'
);

insert into TEST_CASE_STEP
(
TEST_CASE_STEP_GSEQ,
TEST_CASE_GSEQ,
STEP_NUMBER,
UI_OBJECT_GSEQ,
VALUE,
SOA_TEST_GSEQ,
TEST_OPERATION_GSEQ,
TEST_CASE_REF_GSEQ,
DATA_DRIVEN
)
values
(
250,
88,
31,
Null,
Null,
Null,
Null,
47,
'N'
);

insert into TEST_CASE_STEP
(
TEST_CASE_STEP_GSEQ,
TEST_CASE_GSEQ,
STEP_NUMBER,
UI_OBJECT_GSEQ,
VALUE,
SOA_TEST_GSEQ,
TEST_OPERATION_GSEQ,
TEST_CASE_REF_GSEQ,
DATA_DRIVEN
)
values
(
251,
88,
32,
Null,
Null,
Null,
Null,
96,
'N'
);

insert into TEST_CASE_STEP
(
TEST_CASE_STEP_GSEQ,
TEST_CASE_GSEQ,
STEP_NUMBER,
UI_OBJECT_GSEQ,
VALUE,
SOA_TEST_GSEQ,
TEST_OPERATION_GSEQ,
TEST_CASE_REF_GSEQ,
DATA_DRIVEN
)
values
(
252,
88,
33,
31,
'FALSE',
Null,
57,
Null,
'N'
);

insert into TEST_CASE_STEP
(
TEST_CASE_STEP_GSEQ,
TEST_CASE_GSEQ,
STEP_NUMBER,
UI_OBJECT_GSEQ,
VALUE,
SOA_TEST_GSEQ,
TEST_OPERATION_GSEQ,
TEST_CASE_REF_GSEQ,
DATA_DRIVEN
)
values
(
253,
88,
34,
Null,
Null,
Null,
Null,
47,
'N'
);

insert into TEST_CASE_STEP
(
TEST_CASE_STEP_GSEQ,
TEST_CASE_GSEQ,
STEP_NUMBER,
UI_OBJECT_GSEQ,
VALUE,
SOA_TEST_GSEQ,
TEST_OPERATION_GSEQ,
TEST_CASE_REF_GSEQ,
DATA_DRIVEN
)
values
(
254,
88,
35,
Null,
Null,
Null,
Null,
97,
'N'
);

insert into TEST_CASE_STEP
(
TEST_CASE_STEP_GSEQ,
TEST_CASE_GSEQ,
STEP_NUMBER,
UI_OBJECT_GSEQ,
VALUE,
SOA_TEST_GSEQ,
TEST_OPERATION_GSEQ,
TEST_CASE_REF_GSEQ,
DATA_DRIVEN
)
values
(
255,
88,
36,
31,
'FALSE',
Null,
57,
Null,
'N'
);

insert into TEST_CASE_STEP
(
TEST_CASE_STEP_GSEQ,
TEST_CASE_GSEQ,
STEP_NUMBER,
UI_OBJECT_GSEQ,
VALUE,
SOA_TEST_GSEQ,
TEST_OPERATION_GSEQ,
TEST_CASE_REF_GSEQ,
DATA_DRIVEN
)
values
(
256,
88,
37,
Null,
Null,
Null,
Null,
47,
'N'
);

insert into TEST_CASE_STEP
(
TEST_CASE_STEP_GSEQ,
TEST_CASE_GSEQ,
STEP_NUMBER,
UI_OBJECT_GSEQ,
VALUE,
SOA_TEST_GSEQ,
TEST_OPERATION_GSEQ,
TEST_CASE_REF_GSEQ,
DATA_DRIVEN
)
values
(
257,
88,
38,
Null,
Null,
Null,
Null,
98,
'N'
);

insert into TEST_CASE_STEP
(
TEST_CASE_STEP_GSEQ,
TEST_CASE_GSEQ,
STEP_NUMBER,
UI_OBJECT_GSEQ,
VALUE,
SOA_TEST_GSEQ,
TEST_OPERATION_GSEQ,
TEST_CASE_REF_GSEQ,
DATA_DRIVEN
)
values
(
258,
88,
39,
31,
'FALSE',
Null,
57,
Null,
'N'
);

insert into TEST_CASE_STEP
(
TEST_CASE_STEP_GSEQ,
TEST_CASE_GSEQ,
STEP_NUMBER,
UI_OBJECT_GSEQ,
VALUE,
SOA_TEST_GSEQ,
TEST_OPERATION_GSEQ,
TEST_CASE_REF_GSEQ,
DATA_DRIVEN
)
values
(
259,
88,
40,
Null,
Null,
Null,
Null,
47,
'N'
);

insert into TEST_CASE_STEP
(
TEST_CASE_STEP_GSEQ,
TEST_CASE_GSEQ,
STEP_NUMBER,
UI_OBJECT_GSEQ,
VALUE,
SOA_TEST_GSEQ,
TEST_OPERATION_GSEQ,
TEST_CASE_REF_GSEQ,
DATA_DRIVEN
)
values
(
260,
88,
41,
Null,
Null,
Null,
Null,
99,
'N'
);

insert into TEST_CASE_STEP
(
TEST_CASE_STEP_GSEQ,
TEST_CASE_GSEQ,
STEP_NUMBER,
UI_OBJECT_GSEQ,
VALUE,
SOA_TEST_GSEQ,
TEST_OPERATION_GSEQ,
TEST_CASE_REF_GSEQ,
DATA_DRIVEN
)
values
(
261,
88,
42,
31,
'FALSE',
Null,
57,
Null,
'N'
);

insert into TEST_CASE_STEP
(
TEST_CASE_STEP_GSEQ,
TEST_CASE_GSEQ,
STEP_NUMBER,
UI_OBJECT_GSEQ,
VALUE,
SOA_TEST_GSEQ,
TEST_OPERATION_GSEQ,
TEST_CASE_REF_GSEQ,
DATA_DRIVEN
)
values
(
262,
88,
43,
Null,
Null,
Null,
Null,
47,
'N'
);

insert into TEST_CASE_STEP
(
TEST_CASE_STEP_GSEQ,
TEST_CASE_GSEQ,
STEP_NUMBER,
UI_OBJECT_GSEQ,
VALUE,
SOA_TEST_GSEQ,
TEST_OPERATION_GSEQ,
TEST_CASE_REF_GSEQ,
DATA_DRIVEN
)
values
(
263,
88,
44,
Null,
Null,
Null,
Null,
100,
'N'
);

insert into TEST_CASE_STEP
(
TEST_CASE_STEP_GSEQ,
TEST_CASE_GSEQ,
STEP_NUMBER,
UI_OBJECT_GSEQ,
VALUE,
SOA_TEST_GSEQ,
TEST_OPERATION_GSEQ,
TEST_CASE_REF_GSEQ,
DATA_DRIVEN
)
values
(
264,
88,
45,
31,
'FALSE',
Null,
57,
Null,
'N'
);

insert into TEST_CASE_STEP
(
TEST_CASE_STEP_GSEQ,
TEST_CASE_GSEQ,
STEP_NUMBER,
UI_OBJECT_GSEQ,
VALUE,
SOA_TEST_GSEQ,
TEST_OPERATION_GSEQ,
TEST_CASE_REF_GSEQ,
DATA_DRIVEN
)
values
(
265,
88,
46,
Null,
Null,
Null,
Null,
47,
'N'
);

insert into TEST_CASE_STEP
(
TEST_CASE_STEP_GSEQ,
TEST_CASE_GSEQ,
STEP_NUMBER,
UI_OBJECT_GSEQ,
VALUE,
SOA_TEST_GSEQ,
TEST_OPERATION_GSEQ,
TEST_CASE_REF_GSEQ,
DATA_DRIVEN
)
values
(
266,
88,
47,
Null,
Null,
Null,
Null,
101,
'N'
);

insert into TEST_CASE_STEP
(
TEST_CASE_STEP_GSEQ,
TEST_CASE_GSEQ,
STEP_NUMBER,
UI_OBJECT_GSEQ,
VALUE,
SOA_TEST_GSEQ,
TEST_OPERATION_GSEQ,
TEST_CASE_REF_GSEQ,
DATA_DRIVEN
)
values
(
267,
88,
48,
31,
'FALSE',
Null,
57,
Null,
'N'
);

insert into TEST_CASE_STEP
(
TEST_CASE_STEP_GSEQ,
TEST_CASE_GSEQ,
STEP_NUMBER,
UI_OBJECT_GSEQ,
VALUE,
SOA_TEST_GSEQ,
TEST_OPERATION_GSEQ,
TEST_CASE_REF_GSEQ,
DATA_DRIVEN
)
values
(
268,
88,
49,
Null,
Null,
Null,
Null,
47,
'N'
);

insert into TEST_CASE_STEP
(
TEST_CASE_STEP_GSEQ,
TEST_CASE_GSEQ,
STEP_NUMBER,
UI_OBJECT_GSEQ,
VALUE,
SOA_TEST_GSEQ,
TEST_OPERATION_GSEQ,
TEST_CASE_REF_GSEQ,
DATA_DRIVEN
)
values
(
269,
88,
50,
Null,
Null,
Null,
Null,
102,
'N'
);

insert into TEST_CASE_STEP
(
TEST_CASE_STEP_GSEQ,
TEST_CASE_GSEQ,
STEP_NUMBER,
UI_OBJECT_GSEQ,
VALUE,
SOA_TEST_GSEQ,
TEST_OPERATION_GSEQ,
TEST_CASE_REF_GSEQ,
DATA_DRIVEN
)
values
(
270,
88,
51,
31,
'FALSE',
Null,
57,
Null,
'N'
);

insert into TEST_CASE_STEP
(
TEST_CASE_STEP_GSEQ,
TEST_CASE_GSEQ,
STEP_NUMBER,
UI_OBJECT_GSEQ,
VALUE,
SOA_TEST_GSEQ,
TEST_OPERATION_GSEQ,
TEST_CASE_REF_GSEQ,
DATA_DRIVEN
)
values
(
271,
88,
52,
Null,
Null,
Null,
Null,
47,
'N'
);

insert into TEST_CASE_STEP
(
TEST_CASE_STEP_GSEQ,
TEST_CASE_GSEQ,
STEP_NUMBER,
UI_OBJECT_GSEQ,
VALUE,
SOA_TEST_GSEQ,
TEST_OPERATION_GSEQ,
TEST_CASE_REF_GSEQ,
DATA_DRIVEN
)
values
(
272,
88,
53,
Null,
Null,
Null,
Null,
103,
'N'
);

insert into TEST_CASE_STEP
(
TEST_CASE_STEP_GSEQ,
TEST_CASE_GSEQ,
STEP_NUMBER,
UI_OBJECT_GSEQ,
VALUE,
SOA_TEST_GSEQ,
TEST_OPERATION_GSEQ,
TEST_CASE_REF_GSEQ,
DATA_DRIVEN
)
values
(
273,
88,
54,
31,
'FALSE',
Null,
57,
Null,
'N'
);

insert into TEST_CASE_STEP
(
TEST_CASE_STEP_GSEQ,
TEST_CASE_GSEQ,
STEP_NUMBER,
UI_OBJECT_GSEQ,
VALUE,
SOA_TEST_GSEQ,
TEST_OPERATION_GSEQ,
TEST_CASE_REF_GSEQ,
DATA_DRIVEN
)
values
(
274,
88,
55,
Null,
Null,
Null,
Null,
47,
'N'
);

insert into TEST_CASE_STEP
(
TEST_CASE_STEP_GSEQ,
TEST_CASE_GSEQ,
STEP_NUMBER,
UI_OBJECT_GSEQ,
VALUE,
SOA_TEST_GSEQ,
TEST_OPERATION_GSEQ,
TEST_CASE_REF_GSEQ,
DATA_DRIVEN
)
values
(
275,
88,
56,
Null,
Null,
Null,
Null,
104,
'N'
);

insert into TEST_CASE_STEP
(
TEST_CASE_STEP_GSEQ,
TEST_CASE_GSEQ,
STEP_NUMBER,
UI_OBJECT_GSEQ,
VALUE,
SOA_TEST_GSEQ,
TEST_OPERATION_GSEQ,
TEST_CASE_REF_GSEQ,
DATA_DRIVEN
)
values
(
276,
88,
57,
31,
'FALSE',
Null,
57,
Null,
'N'
);

insert into TEST_CASE_STEP
(
TEST_CASE_STEP_GSEQ,
TEST_CASE_GSEQ,
STEP_NUMBER,
UI_OBJECT_GSEQ,
VALUE,
SOA_TEST_GSEQ,
TEST_OPERATION_GSEQ,
TEST_CASE_REF_GSEQ,
DATA_DRIVEN
)
values
(
277,
88,
58,
Null,
Null,
Null,
Null,
47,
'N'
);

insert into TEST_CASE_STEP
(
TEST_CASE_STEP_GSEQ,
TEST_CASE_GSEQ,
STEP_NUMBER,
UI_OBJECT_GSEQ,
VALUE,
SOA_TEST_GSEQ,
TEST_OPERATION_GSEQ,
TEST_CASE_REF_GSEQ,
DATA_DRIVEN
)
values
(
278,
88,
59,
Null,
Null,
Null,
Null,
105,
'N'
);

insert into TEST_CASE_STEP
(
TEST_CASE_STEP_GSEQ,
TEST_CASE_GSEQ,
STEP_NUMBER,
UI_OBJECT_GSEQ,
VALUE,
SOA_TEST_GSEQ,
TEST_OPERATION_GSEQ,
TEST_CASE_REF_GSEQ,
DATA_DRIVEN
)
values
(
279,
88,
60,
31,
'FALSE',
Null,
57,
Null,
'N'
);

insert into TEST_CASE_STEP
(
TEST_CASE_STEP_GSEQ,
TEST_CASE_GSEQ,
STEP_NUMBER,
UI_OBJECT_GSEQ,
VALUE,
SOA_TEST_GSEQ,
TEST_OPERATION_GSEQ,
TEST_CASE_REF_GSEQ,
DATA_DRIVEN
)
values
(
280,
88,
61,
Null,
Null,
Null,
Null,
47,
'N'
);

insert into TEST_CASE_STEP
(
TEST_CASE_STEP_GSEQ,
TEST_CASE_GSEQ,
STEP_NUMBER,
UI_OBJECT_GSEQ,
VALUE,
SOA_TEST_GSEQ,
TEST_OPERATION_GSEQ,
TEST_CASE_REF_GSEQ,
DATA_DRIVEN
)
values
(
281,
88,
62,
Null,
Null,
Null,
Null,
106,
'N'
);

insert into TEST_CASE_STEP
(
TEST_CASE_STEP_GSEQ,
TEST_CASE_GSEQ,
STEP_NUMBER,
UI_OBJECT_GSEQ,
VALUE,
SOA_TEST_GSEQ,
TEST_OPERATION_GSEQ,
TEST_CASE_REF_GSEQ,
DATA_DRIVEN
)
values
(
282,
88,
63,
31,
'FALSE',
Null,
57,
Null,
'N'
);

insert into TEST_CASE_STEP
(
TEST_CASE_STEP_GSEQ,
TEST_CASE_GSEQ,
STEP_NUMBER,
UI_OBJECT_GSEQ,
VALUE,
SOA_TEST_GSEQ,
TEST_OPERATION_GSEQ,
TEST_CASE_REF_GSEQ,
DATA_DRIVEN
)
values
(
283,
88,
64,
Null,
Null,
Null,
Null,
47,
'N'
);

insert into TEST_CASE_STEP
(
TEST_CASE_STEP_GSEQ,
TEST_CASE_GSEQ,
STEP_NUMBER,
UI_OBJECT_GSEQ,
VALUE,
SOA_TEST_GSEQ,
TEST_OPERATION_GSEQ,
TEST_CASE_REF_GSEQ,
DATA_DRIVEN
)
values
(
284,
88,
65,
Null,
Null,
Null,
Null,
107,
'N'
);

insert into TEST_CASE_STEP
(
TEST_CASE_STEP_GSEQ,
TEST_CASE_GSEQ,
STEP_NUMBER,
UI_OBJECT_GSEQ,
VALUE,
SOA_TEST_GSEQ,
TEST_OPERATION_GSEQ,
TEST_CASE_REF_GSEQ,
DATA_DRIVEN
)
values
(
285,
88,
66,
31,
'FALSE',
Null,
57,
Null,
'N'
);

insert into TEST_CASE_STEP
(
TEST_CASE_STEP_GSEQ,
TEST_CASE_GSEQ,
STEP_NUMBER,
UI_OBJECT_GSEQ,
VALUE,
SOA_TEST_GSEQ,
TEST_OPERATION_GSEQ,
TEST_CASE_REF_GSEQ,
DATA_DRIVEN
)
values
(
286,
88,
67,
Null,
Null,
Null,
Null,
47,
'N'
);

insert into TEST_CASE_STEP
(
TEST_CASE_STEP_GSEQ,
TEST_CASE_GSEQ,
STEP_NUMBER,
UI_OBJECT_GSEQ,
VALUE,
SOA_TEST_GSEQ,
TEST_OPERATION_GSEQ,
TEST_CASE_REF_GSEQ,
DATA_DRIVEN
)
values
(
287,
88,
68,
Null,
Null,
Null,
Null,
111,
'N'
);

insert into TEST_CASE_STEP
(
TEST_CASE_STEP_GSEQ,
TEST_CASE_GSEQ,
STEP_NUMBER,
UI_OBJECT_GSEQ,
VALUE,
SOA_TEST_GSEQ,
TEST_OPERATION_GSEQ,
TEST_CASE_REF_GSEQ,
DATA_DRIVEN
)
values
(
288,
88,
69,
31,
'FALSE',
Null,
57,
Null,
'N'
);

insert into TEST_CASE_STEP
(
TEST_CASE_STEP_GSEQ,
TEST_CASE_GSEQ,
STEP_NUMBER,
UI_OBJECT_GSEQ,
VALUE,
SOA_TEST_GSEQ,
TEST_OPERATION_GSEQ,
TEST_CASE_REF_GSEQ,
DATA_DRIVEN
)
values
(
289,
88,
70,
Null,
Null,
Null,
Null,
47,
'N'
);

insert into TEST_CASE_STEP
(
TEST_CASE_STEP_GSEQ,
TEST_CASE_GSEQ,
STEP_NUMBER,
UI_OBJECT_GSEQ,
VALUE,
SOA_TEST_GSEQ,
TEST_OPERATION_GSEQ,
TEST_CASE_REF_GSEQ,
DATA_DRIVEN
)
values
(
290,
88,
71,
Null,
Null,
Null,
Null,
108,
'N'
);

insert into TEST_CASE_STEP
(
TEST_CASE_STEP_GSEQ,
TEST_CASE_GSEQ,
STEP_NUMBER,
UI_OBJECT_GSEQ,
VALUE,
SOA_TEST_GSEQ,
TEST_OPERATION_GSEQ,
TEST_CASE_REF_GSEQ,
DATA_DRIVEN
)
values
(
291,
88,
72,
31,
'FALSE',
Null,
57,
Null,
'N'
);

insert into TEST_CASE_STEP
(
TEST_CASE_STEP_GSEQ,
TEST_CASE_GSEQ,
STEP_NUMBER,
UI_OBJECT_GSEQ,
VALUE,
SOA_TEST_GSEQ,
TEST_OPERATION_GSEQ,
TEST_CASE_REF_GSEQ,
DATA_DRIVEN
)
values
(
292,
88,
73,
Null,
Null,
Null,
Null,
47,
'N'
);

insert into TEST_CASE_STEP
(
TEST_CASE_STEP_GSEQ,
TEST_CASE_GSEQ,
STEP_NUMBER,
UI_OBJECT_GSEQ,
VALUE,
SOA_TEST_GSEQ,
TEST_OPERATION_GSEQ,
TEST_CASE_REF_GSEQ,
DATA_DRIVEN
)
values
(
293,
88,
74,
Null,
Null,
Null,
Null,
109,
'N'
);

insert into TEST_CASE_STEP
(
TEST_CASE_STEP_GSEQ,
TEST_CASE_GSEQ,
STEP_NUMBER,
UI_OBJECT_GSEQ,
VALUE,
SOA_TEST_GSEQ,
TEST_OPERATION_GSEQ,
TEST_CASE_REF_GSEQ,
DATA_DRIVEN
)
values
(
294,
88,
75,
31,
'FALSE',
Null,
57,
Null,
'N'
);

insert into TEST_CASE_STEP
(
TEST_CASE_STEP_GSEQ,
TEST_CASE_GSEQ,
STEP_NUMBER,
UI_OBJECT_GSEQ,
VALUE,
SOA_TEST_GSEQ,
TEST_OPERATION_GSEQ,
TEST_CASE_REF_GSEQ,
DATA_DRIVEN
)
values
(
295,
88,
76,
Null,
Null,
Null,
Null,
47,
'N'
);

insert into TEST_CASE_STEP
(
TEST_CASE_STEP_GSEQ,
TEST_CASE_GSEQ,
STEP_NUMBER,
UI_OBJECT_GSEQ,
VALUE,
SOA_TEST_GSEQ,
TEST_OPERATION_GSEQ,
TEST_CASE_REF_GSEQ,
DATA_DRIVEN
)
values
(
296,
88,
77,
Null,
Null,
Null,
Null,
110,
'N'
);

insert into TEST_CASE_STEP
(
TEST_CASE_STEP_GSEQ,
TEST_CASE_GSEQ,
STEP_NUMBER,
UI_OBJECT_GSEQ,
VALUE,
SOA_TEST_GSEQ,
TEST_OPERATION_GSEQ,
TEST_CASE_REF_GSEQ,
DATA_DRIVEN
)
values
(
297,
88,
78,
31,
'FALSE',
Null,
57,
Null,
'N'
);

insert into TEST_CASE_STEP
(
TEST_CASE_STEP_GSEQ,
TEST_CASE_GSEQ,
STEP_NUMBER,
UI_OBJECT_GSEQ,
VALUE,
SOA_TEST_GSEQ,
TEST_OPERATION_GSEQ,
TEST_CASE_REF_GSEQ,
DATA_DRIVEN
)
values
(
298,
88,
79,
Null,
Null,
Null,
Null,
47,
'N'
);

insert into TEST_CASE_STEP
(
TEST_CASE_STEP_GSEQ,
TEST_CASE_GSEQ,
STEP_NUMBER,
UI_OBJECT_GSEQ,
VALUE,
SOA_TEST_GSEQ,
TEST_OPERATION_GSEQ,
TEST_CASE_REF_GSEQ,
DATA_DRIVEN
)
values
(
299,
88,
80,
Null,
Null,
Null,
Null,
114,
'N'
);

insert into TEST_CASE_STEP
(
TEST_CASE_STEP_GSEQ,
TEST_CASE_GSEQ,
STEP_NUMBER,
UI_OBJECT_GSEQ,
VALUE,
SOA_TEST_GSEQ,
TEST_OPERATION_GSEQ,
TEST_CASE_REF_GSEQ,
DATA_DRIVEN
)
values
(
300,
88,
81,
31,
'TRUE',
Null,
10,
Null,
'N'
);

insert into TEST_CASE_STEP
(
TEST_CASE_STEP_GSEQ,
TEST_CASE_GSEQ,
STEP_NUMBER,
UI_OBJECT_GSEQ,
VALUE,
SOA_TEST_GSEQ,
TEST_OPERATION_GSEQ,
TEST_CASE_REF_GSEQ,
DATA_DRIVEN
)
values
(
301,
88,
82,
Null,
Null,
Null,
Null,
47,
'N'
);

insert into TEST_CASE_STEP
(
TEST_CASE_STEP_GSEQ,
TEST_CASE_GSEQ,
STEP_NUMBER,
UI_OBJECT_GSEQ,
VALUE,
SOA_TEST_GSEQ,
TEST_OPERATION_GSEQ,
TEST_CASE_REF_GSEQ,
DATA_DRIVEN
)
values
(
302,
115,
1,
Null,
Null,
4,
14,
Null,
'N'
);

insert into TEST_CASE_STEP
(
TEST_CASE_STEP_GSEQ,
TEST_CASE_GSEQ,
STEP_NUMBER,
UI_OBJECT_GSEQ,
VALUE,
SOA_TEST_GSEQ,
TEST_OPERATION_GSEQ,
TEST_CASE_REF_GSEQ,
DATA_DRIVEN
)
values
(
304,
115,
2,
Null,
Null,
66,
14,
Null,
'N'
);

insert into TEST_CASE_STEP
(
TEST_CASE_STEP_GSEQ,
TEST_CASE_GSEQ,
STEP_NUMBER,
UI_OBJECT_GSEQ,
VALUE,
SOA_TEST_GSEQ,
TEST_OPERATION_GSEQ,
TEST_CASE_REF_GSEQ,
DATA_DRIVEN
)
values
(
305,
116,
1,
Null,
Null,
Null,
19,
48,
'N'
);

insert into TEST_CASE_STEP
(
TEST_CASE_STEP_GSEQ,
TEST_CASE_GSEQ,
STEP_NUMBER,
UI_OBJECT_GSEQ,
VALUE,
SOA_TEST_GSEQ,
TEST_OPERATION_GSEQ,
TEST_CASE_REF_GSEQ,
DATA_DRIVEN
)
values
(
307,
116,
3,
32,
'749693729_GEMINI',
Null,
15,
Null,
'N'
);

insert into TEST_CASE_STEP
(
TEST_CASE_STEP_GSEQ,
TEST_CASE_GSEQ,
STEP_NUMBER,
UI_OBJECT_GSEQ,
VALUE,
SOA_TEST_GSEQ,
TEST_OPERATION_GSEQ,
TEST_CASE_REF_GSEQ,
DATA_DRIVEN
)
values
(
308,
116,
5,
132,
'Activations View',
Null,
6,
Null,
'N'
);

insert into TEST_CASE_STEP
(
TEST_CASE_STEP_GSEQ,
TEST_CASE_GSEQ,
STEP_NUMBER,
UI_OBJECT_GSEQ,
VALUE,
SOA_TEST_GSEQ,
TEST_OPERATION_GSEQ,
TEST_CASE_REF_GSEQ,
DATA_DRIVEN
)
values
(
310,
116,
6,
198,
'Assigned to:',
Null,
6,
Null,
'N'
);

insert into TEST_CASE_STEP
(
TEST_CASE_STEP_GSEQ,
TEST_CASE_GSEQ,
STEP_NUMBER,
UI_OBJECT_GSEQ,
VALUE,
SOA_TEST_GSEQ,
TEST_OPERATION_GSEQ,
TEST_CASE_REF_GSEQ,
DATA_DRIVEN
)
values
(
312,
116,
7,
134,
'Show Checklist',
Null,
58,
Null,
'N'
);

insert into TEST_CASE_STEP
(
TEST_CASE_STEP_GSEQ,
TEST_CASE_GSEQ,
STEP_NUMBER,
UI_OBJECT_GSEQ,
VALUE,
SOA_TEST_GSEQ,
TEST_OPERATION_GSEQ,
TEST_CASE_REF_GSEQ,
DATA_DRIVEN
)
values
(
313,
116,
8,
134,
'TRUE',
Null,
10,
Null,
'N'
);

insert into TEST_CASE_STEP
(
TEST_CASE_STEP_GSEQ,
TEST_CASE_GSEQ,
STEP_NUMBER,
UI_OBJECT_GSEQ,
VALUE,
SOA_TEST_GSEQ,
TEST_OPERATION_GSEQ,
TEST_CASE_REF_GSEQ,
DATA_DRIVEN
)
values
(
314,
116,
4,
Null,
'5',
Null,
59,
Null,
'N'
);

insert into TEST_CASE_STEP
(
TEST_CASE_STEP_GSEQ,
TEST_CASE_GSEQ,
STEP_NUMBER,
UI_OBJECT_GSEQ,
VALUE,
SOA_TEST_GSEQ,
TEST_OPERATION_GSEQ,
TEST_CASE_REF_GSEQ,
DATA_DRIVEN
)
values
(
315,
117,
1,
91,
Null,
Null,
Null,
48,
'N'
);

insert into TEST_CASE_STEP
(
TEST_CASE_STEP_GSEQ,
TEST_CASE_GSEQ,
STEP_NUMBER,
UI_OBJECT_GSEQ,
VALUE,
SOA_TEST_GSEQ,
TEST_OPERATION_GSEQ,
TEST_CASE_REF_GSEQ,
DATA_DRIVEN
)
values
(
319,
117,
3,
32,
'749693729_GEMINI',
Null,
15,
Null,
'N'
);

insert into TEST_CASE_STEP
(
TEST_CASE_STEP_GSEQ,
TEST_CASE_GSEQ,
STEP_NUMBER,
UI_OBJECT_GSEQ,
VALUE,
SOA_TEST_GSEQ,
TEST_OPERATION_GSEQ,
TEST_CASE_REF_GSEQ,
DATA_DRIVEN
)
values
(
323,
117,
5,
136,
'Gemini Acme Widgets, Inc.',
Null,
6,
Null,
'N'
);

insert into TEST_CASE_STEP
(
TEST_CASE_STEP_GSEQ,
TEST_CASE_GSEQ,
STEP_NUMBER,
UI_OBJECT_GSEQ,
VALUE,
SOA_TEST_GSEQ,
TEST_OPERATION_GSEQ,
TEST_CASE_REF_GSEQ,
DATA_DRIVEN
)
values
(
324,
117,
6,
139,
'Gemini001',
Null,
6,
Null,
'N'
);

insert into TEST_CASE_STEP
(
TEST_CASE_STEP_GSEQ,
TEST_CASE_GSEQ,
STEP_NUMBER,
UI_OBJECT_GSEQ,
VALUE,
SOA_TEST_GSEQ,
TEST_OPERATION_GSEQ,
TEST_CASE_REF_GSEQ,
DATA_DRIVEN
)
values
(
325,
117,
7,
140,
'13433 Wyoming Valley<nl>Suite 500<nl>Way around back<nl>Austin, TX 78727-1234<nl>US',
Null,
6,
Null,
'N'
);

insert into TEST_CASE_STEP
(
TEST_CASE_STEP_GSEQ,
TEST_CASE_GSEQ,
STEP_NUMBER,
UI_OBJECT_GSEQ,
VALUE,
SOA_TEST_GSEQ,
TEST_OPERATION_GSEQ,
TEST_CASE_REF_GSEQ,
DATA_DRIVEN
)
values
(
326,
117,
8,
137,
'Acme Widgets by Gemini',
Null,
6,
Null,
'N'
);

insert into TEST_CASE_STEP
(
TEST_CASE_STEP_GSEQ,
TEST_CASE_GSEQ,
STEP_NUMBER,
UI_OBJECT_GSEQ,
VALUE,
SOA_TEST_GSEQ,
TEST_OPERATION_GSEQ,
TEST_CASE_REF_GSEQ,
DATA_DRIVEN
)
values
(
327,
117,
9,
138,
'749693729',
Null,
6,
Null,
'N'
);

insert into TEST_CASE_STEP
(
TEST_CASE_STEP_GSEQ,
TEST_CASE_GSEQ,
STEP_NUMBER,
UI_OBJECT_GSEQ,
VALUE,
SOA_TEST_GSEQ,
TEST_OPERATION_GSEQ,
TEST_CASE_REF_GSEQ,
DATA_DRIVEN
)
values
(
328,
117,
10,
141,
'04/27/2009',
Null,
6,
Null,
'N'
);

insert into TEST_CASE_STEP
(
TEST_CASE_STEP_GSEQ,
TEST_CASE_GSEQ,
STEP_NUMBER,
UI_OBJECT_GSEQ,
VALUE,
SOA_TEST_GSEQ,
TEST_OPERATION_GSEQ,
TEST_CASE_REF_GSEQ,
DATA_DRIVEN
)
values
(
329,
117,
12,
Null,
Null,
Null,
Null,
47,
'N'
);

insert into TEST_CASE_STEP
(
TEST_CASE_STEP_GSEQ,
TEST_CASE_GSEQ,
STEP_NUMBER,
UI_OBJECT_GSEQ,
VALUE,
SOA_TEST_GSEQ,
TEST_OPERATION_GSEQ,
TEST_CASE_REF_GSEQ,
DATA_DRIVEN
)
values
(
330,
118,
1,
Null,
Null,
Null,
Null,
48,
'N'
);

insert into TEST_CASE_STEP
(
TEST_CASE_STEP_GSEQ,
TEST_CASE_GSEQ,
STEP_NUMBER,
UI_OBJECT_GSEQ,
VALUE,
SOA_TEST_GSEQ,
TEST_OPERATION_GSEQ,
TEST_CASE_REF_GSEQ,
DATA_DRIVEN
)
values
(
331,
118,
2,
32,
'749693729_GEMINI',
Null,
15,
Null,
'N'
);

insert into TEST_CASE_STEP
(
TEST_CASE_STEP_GSEQ,
TEST_CASE_GSEQ,
STEP_NUMBER,
UI_OBJECT_GSEQ,
VALUE,
SOA_TEST_GSEQ,
TEST_OPERATION_GSEQ,
TEST_CASE_REF_GSEQ,
DATA_DRIVEN
)
values
(
332,
118,
4,
144,
'CFO',
Null,
6,
Null,
'N'
);

insert into TEST_CASE_STEP
(
TEST_CASE_STEP_GSEQ,
TEST_CASE_GSEQ,
STEP_NUMBER,
UI_OBJECT_GSEQ,
VALUE,
SOA_TEST_GSEQ,
TEST_OPERATION_GSEQ,
TEST_CASE_REF_GSEQ,
DATA_DRIVEN
)
values
(
333,
118,
5,
145,
'8880001111',
Null,
6,
Null,
'N'
);

insert into TEST_CASE_STEP
(
TEST_CASE_STEP_GSEQ,
TEST_CASE_GSEQ,
STEP_NUMBER,
UI_OBJECT_GSEQ,
VALUE,
SOA_TEST_GSEQ,
TEST_OPERATION_GSEQ,
TEST_CASE_REF_GSEQ,
DATA_DRIVEN
)
values
(
334,
118,
6,
146,
'Gemini001_admin@intuit.com',
Null,
6,
Null,
'N'
);

insert into TEST_CASE_STEP
(
TEST_CASE_STEP_GSEQ,
TEST_CASE_GSEQ,
STEP_NUMBER,
UI_OBJECT_GSEQ,
VALUE,
SOA_TEST_GSEQ,
TEST_OPERATION_GSEQ,
TEST_CASE_REF_GSEQ,
DATA_DRIVEN
)
values
(
335,
118,
7,
147,
'President',
Null,
6,
Null,
'N'
);

insert into TEST_CASE_STEP
(
TEST_CASE_STEP_GSEQ,
TEST_CASE_GSEQ,
STEP_NUMBER,
UI_OBJECT_GSEQ,
VALUE,
SOA_TEST_GSEQ,
TEST_OPERATION_GSEQ,
TEST_CASE_REF_GSEQ,
DATA_DRIVEN
)
values
(
336,
118,
8,
148,
'8881111111',
Null,
6,
Null,
'N'
);

insert into TEST_CASE_STEP
(
TEST_CASE_STEP_GSEQ,
TEST_CASE_GSEQ,
STEP_NUMBER,
UI_OBJECT_GSEQ,
VALUE,
SOA_TEST_GSEQ,
TEST_OPERATION_GSEQ,
TEST_CASE_REF_GSEQ,
DATA_DRIVEN
)
values
(
337,
118,
9,
149,
'Gemini001_primary@intuit.com',
Null,
6,
Null,
'N'
);

insert into TEST_CASE_STEP
(
TEST_CASE_STEP_GSEQ,
TEST_CASE_GSEQ,
STEP_NUMBER,
UI_OBJECT_GSEQ,
VALUE,
SOA_TEST_GSEQ,
TEST_OPERATION_GSEQ,
TEST_CASE_REF_GSEQ,
DATA_DRIVEN
)
values
(
338,
117,
11,
142,
Null,
Null,
6,
Null,
'N'
);

insert into TEST_CASE_STEP
(
TEST_CASE_STEP_GSEQ,
TEST_CASE_GSEQ,
STEP_NUMBER,
UI_OBJECT_GSEQ,
VALUE,
SOA_TEST_GSEQ,
TEST_OPERATION_GSEQ,
TEST_CASE_REF_GSEQ,
DATA_DRIVEN
)
values
(
341,
117,
4,
Null,
'5',
Null,
59,
Null,
'N'
);

insert into TEST_CASE_STEP
(
TEST_CASE_STEP_GSEQ,
TEST_CASE_GSEQ,
STEP_NUMBER,
UI_OBJECT_GSEQ,
VALUE,
SOA_TEST_GSEQ,
TEST_OPERATION_GSEQ,
TEST_CASE_REF_GSEQ,
DATA_DRIVEN
)
values
(
342,
118,
10,
151,
'Payroll Administrator',
Null,
6,
Null,
'N'
);

insert into TEST_CASE_STEP
(
TEST_CASE_STEP_GSEQ,
TEST_CASE_GSEQ,
STEP_NUMBER,
UI_OBJECT_GSEQ,
VALUE,
SOA_TEST_GSEQ,
TEST_OPERATION_GSEQ,
TEST_CASE_REF_GSEQ,
DATA_DRIVEN
)
values
(
343,
118,
11,
152,
'Mr AdminFN AdminLN Jr',
Null,
6,
Null,
'N'
);

insert into TEST_CASE_STEP
(
TEST_CASE_STEP_GSEQ,
TEST_CASE_GSEQ,
STEP_NUMBER,
UI_OBJECT_GSEQ,
VALUE,
SOA_TEST_GSEQ,
TEST_OPERATION_GSEQ,
TEST_CASE_REF_GSEQ,
DATA_DRIVEN
)
values
(
344,
118,
12,
150,
'Contact Information',
Null,
6,
Null,
'N'
);

insert into TEST_CASE_STEP
(
TEST_CASE_STEP_GSEQ,
TEST_CASE_GSEQ,
STEP_NUMBER,
UI_OBJECT_GSEQ,
VALUE,
SOA_TEST_GSEQ,
TEST_OPERATION_GSEQ,
TEST_CASE_REF_GSEQ,
DATA_DRIVEN
)
values
(
345,
118,
3,
Null,
'5',
Null,
59,
Null,
'N'
);

insert into TEST_CASE_STEP
(
TEST_CASE_STEP_GSEQ,
TEST_CASE_GSEQ,
STEP_NUMBER,
UI_OBJECT_GSEQ,
VALUE,
SOA_TEST_GSEQ,
TEST_OPERATION_GSEQ,
TEST_CASE_REF_GSEQ,
DATA_DRIVEN
)
values
(
346,
118,
13,
159,
'Gemini001_secondary@intuit.com',
Null,
6,
Null,
'N'
);

insert into TEST_CASE_STEP
(
TEST_CASE_STEP_GSEQ,
TEST_CASE_GSEQ,
STEP_NUMBER,
UI_OBJECT_GSEQ,
VALUE,
SOA_TEST_GSEQ,
TEST_OPERATION_GSEQ,
TEST_CASE_REF_GSEQ,
DATA_DRIVEN
)
values
(
347,
118,
14,
155,
'Secondary Principal',
Null,
6,
Null,
'N'
);

insert into TEST_CASE_STEP
(
TEST_CASE_STEP_GSEQ,
TEST_CASE_GSEQ,
STEP_NUMBER,
UI_OBJECT_GSEQ,
VALUE,
SOA_TEST_GSEQ,
TEST_OPERATION_GSEQ,
TEST_CASE_REF_GSEQ,
DATA_DRIVEN
)
values
(
348,
118,
15,
157,
'Vice President',
Null,
6,
Null,
'N'
);

insert into TEST_CASE_STEP
(
TEST_CASE_STEP_GSEQ,
TEST_CASE_GSEQ,
STEP_NUMBER,
UI_OBJECT_GSEQ,
VALUE,
SOA_TEST_GSEQ,
TEST_OPERATION_GSEQ,
TEST_CASE_REF_GSEQ,
DATA_DRIVEN
)
values
(
349,
118,
16,
156,
'Ms SecondaryFN SecondaryLN Esq',
Null,
6,
Null,
'N'
);

insert into TEST_CASE_STEP
(
TEST_CASE_STEP_GSEQ,
TEST_CASE_GSEQ,
STEP_NUMBER,
UI_OBJECT_GSEQ,
VALUE,
SOA_TEST_GSEQ,
TEST_OPERATION_GSEQ,
TEST_CASE_REF_GSEQ,
DATA_DRIVEN
)
values
(
350,
118,
17,
158,
'8882221111',
Null,
6,
Null,
'N'
);

insert into TEST_CASE_STEP
(
TEST_CASE_STEP_GSEQ,
TEST_CASE_GSEQ,
STEP_NUMBER,
UI_OBJECT_GSEQ,
VALUE,
SOA_TEST_GSEQ,
TEST_OPERATION_GSEQ,
TEST_CASE_REF_GSEQ,
DATA_DRIVEN
)
values
(
352,
118,
29,
275,
'1',
Null,
59,
47,
'N'
);

insert into TEST_CASE_STEP
(
TEST_CASE_STEP_GSEQ,
TEST_CASE_GSEQ,
STEP_NUMBER,
UI_OBJECT_GSEQ,
VALUE,
SOA_TEST_GSEQ,
TEST_OPERATION_GSEQ,
TEST_CASE_REF_GSEQ,
DATA_DRIVEN
)
values
(
353,
119,
1,
Null,
Null,
Null,
Null,
48,
'N'
);

insert into TEST_CASE_STEP
(
TEST_CASE_STEP_GSEQ,
TEST_CASE_GSEQ,
STEP_NUMBER,
UI_OBJECT_GSEQ,
VALUE,
SOA_TEST_GSEQ,
TEST_OPERATION_GSEQ,
TEST_CASE_REF_GSEQ,
DATA_DRIVEN
)
values
(
354,
119,
2,
32,
'749693729_GEMINI',
Null,
15,
Null,
'N'
);

insert into TEST_CASE_STEP
(
TEST_CASE_STEP_GSEQ,
TEST_CASE_GSEQ,
STEP_NUMBER,
UI_OBJECT_GSEQ,
VALUE,
SOA_TEST_GSEQ,
TEST_OPERATION_GSEQ,
TEST_CASE_REF_GSEQ,
DATA_DRIVEN
)
values
(
355,
119,
3,
Null,
'5',
Null,
59,
Null,
'N'
);

insert into TEST_CASE_STEP
(
TEST_CASE_STEP_GSEQ,
TEST_CASE_GSEQ,
STEP_NUMBER,
UI_OBJECT_GSEQ,
VALUE,
SOA_TEST_GSEQ,
TEST_OPERATION_GSEQ,
TEST_CASE_REF_GSEQ,
DATA_DRIVEN
)
values
(
356,
119,
6,
241,
'Gemini Acme Widgets, Inc.',
Null,
6,
Null,
'N'
);

insert into TEST_CASE_STEP
(
TEST_CASE_STEP_GSEQ,
TEST_CASE_GSEQ,
STEP_NUMBER,
UI_OBJECT_GSEQ,
VALUE,
SOA_TEST_GSEQ,
TEST_OPERATION_GSEQ,
TEST_CASE_REF_GSEQ,
DATA_DRIVEN
)
values
(
362,
116,
27,
Null,
Null,
Null,
6,
47,
'N'
);

insert into TEST_CASE_STEP
(
TEST_CASE_STEP_GSEQ,
TEST_CASE_GSEQ,
STEP_NUMBER,
UI_OBJECT_GSEQ,
VALUE,
SOA_TEST_GSEQ,
TEST_OPERATION_GSEQ,
TEST_CASE_REF_GSEQ,
DATA_DRIVEN
)
values
(
363,
116,
9,
195,
'Show Gemini View',
Null,
58,
Null,
'N'
);

insert into TEST_CASE_STEP
(
TEST_CASE_STEP_GSEQ,
TEST_CASE_GSEQ,
STEP_NUMBER,
UI_OBJECT_GSEQ,
VALUE,
SOA_TEST_GSEQ,
TEST_OPERATION_GSEQ,
TEST_CASE_REF_GSEQ,
DATA_DRIVEN
)
values
(
364,
116,
10,
195,
'TRUE',
Null,
10,
Null,
'N'
);

insert into TEST_CASE_STEP
(
TEST_CASE_STEP_GSEQ,
TEST_CASE_GSEQ,
STEP_NUMBER,
UI_OBJECT_GSEQ,
VALUE,
SOA_TEST_GSEQ,
TEST_OPERATION_GSEQ,
TEST_CASE_REF_GSEQ,
DATA_DRIVEN
)
values
(
365,
116,
11,
196,
'Edit',
Null,
58,
Null,
'N'
);

insert into TEST_CASE_STEP
(
TEST_CASE_STEP_GSEQ,
TEST_CASE_GSEQ,
STEP_NUMBER,
UI_OBJECT_GSEQ,
VALUE,
SOA_TEST_GSEQ,
TEST_OPERATION_GSEQ,
TEST_CASE_REF_GSEQ,
DATA_DRIVEN
)
values
(
368,
116,
12,
173,
'Legal Name:',
Null,
6,
Null,
'N'
);

insert into TEST_CASE_STEP
(
TEST_CASE_STEP_GSEQ,
TEST_CASE_GSEQ,
STEP_NUMBER,
UI_OBJECT_GSEQ,
VALUE,
SOA_TEST_GSEQ,
TEST_OPERATION_GSEQ,
TEST_CASE_REF_GSEQ,
DATA_DRIVEN
)
values
(
369,
116,
13,
174,
'Company ID:',
Null,
6,
Null,
'N'
);

insert into TEST_CASE_STEP
(
TEST_CASE_STEP_GSEQ,
TEST_CASE_GSEQ,
STEP_NUMBER,
UI_OBJECT_GSEQ,
VALUE,
SOA_TEST_GSEQ,
TEST_OPERATION_GSEQ,
TEST_CASE_REF_GSEQ,
DATA_DRIVEN
)
values
(
370,
116,
14,
175,
'EIN:',
Null,
6,
Null,
'N'
);

insert into TEST_CASE_STEP
(
TEST_CASE_STEP_GSEQ,
TEST_CASE_GSEQ,
STEP_NUMBER,
UI_OBJECT_GSEQ,
VALUE,
SOA_TEST_GSEQ,
TEST_OPERATION_GSEQ,
TEST_CASE_REF_GSEQ,
DATA_DRIVEN
)
values
(
371,
116,
15,
176,
'Source System:',
Null,
6,
Null,
'N'
);

insert into TEST_CASE_STEP
(
TEST_CASE_STEP_GSEQ,
TEST_CASE_GSEQ,
STEP_NUMBER,
UI_OBJECT_GSEQ,
VALUE,
SOA_TEST_GSEQ,
TEST_OPERATION_GSEQ,
TEST_CASE_REF_GSEQ,
DATA_DRIVEN
)
values
(
372,
116,
16,
177,
'DD Status:',
Null,
6,
Null,
'N'
);

insert into TEST_CASE_STEP
(
TEST_CASE_STEP_GSEQ,
TEST_CASE_GSEQ,
STEP_NUMBER,
UI_OBJECT_GSEQ,
VALUE,
SOA_TEST_GSEQ,
TEST_OPERATION_GSEQ,
TEST_CASE_REF_GSEQ,
DATA_DRIVEN
)
values
(
373,
116,
17,
178,
'Sub Status:',
Null,
6,
Null,
'N'
);

insert into TEST_CASE_STEP
(
TEST_CASE_STEP_GSEQ,
TEST_CASE_GSEQ,
STEP_NUMBER,
UI_OBJECT_GSEQ,
VALUE,
SOA_TEST_GSEQ,
TEST_OPERATION_GSEQ,
TEST_CASE_REF_GSEQ,
DATA_DRIVEN
)
values
(
374,
116,
18,
179,
'Current',
Null,
6,
Null,
'N'
);

insert into TEST_CASE_STEP
(
TEST_CASE_STEP_GSEQ,
TEST_CASE_GSEQ,
STEP_NUMBER,
UI_OBJECT_GSEQ,
VALUE,
SOA_TEST_GSEQ,
TEST_OPERATION_GSEQ,
TEST_CASE_REF_GSEQ,
DATA_DRIVEN
)
values
(
375,
116,
19,
180,
'Balance Due:',
Null,
6,
Null,
'N'
);

insert into TEST_CASE_STEP
(
TEST_CASE_STEP_GSEQ,
TEST_CASE_GSEQ,
STEP_NUMBER,
UI_OBJECT_GSEQ,
VALUE,
SOA_TEST_GSEQ,
TEST_OPERATION_GSEQ,
TEST_CASE_REF_GSEQ,
DATA_DRIVEN
)
values
(
376,
116,
20,
181,
'Over DD Limit:',
Null,
6,
Null,
'N'
);

insert into TEST_CASE_STEP
(
TEST_CASE_STEP_GSEQ,
TEST_CASE_GSEQ,
STEP_NUMBER,
UI_OBJECT_GSEQ,
VALUE,
SOA_TEST_GSEQ,
TEST_OPERATION_GSEQ,
TEST_CASE_REF_GSEQ,
DATA_DRIVEN
)
values
(
377,
116,
21,
182,
'Strikes:',
Null,
6,
Null,
'N'
);

insert into TEST_CASE_STEP
(
TEST_CASE_STEP_GSEQ,
TEST_CASE_GSEQ,
STEP_NUMBER,
UI_OBJECT_GSEQ,
VALUE,
SOA_TEST_GSEQ,
TEST_OPERATION_GSEQ,
TEST_CASE_REF_GSEQ,
DATA_DRIVEN
)
values
(
378,
116,
22,
183,
'History',
Null,
6,
Null,
'N'
);

insert into TEST_CASE_STEP
(
TEST_CASE_STEP_GSEQ,
TEST_CASE_GSEQ,
STEP_NUMBER,
UI_OBJECT_GSEQ,
VALUE,
SOA_TEST_GSEQ,
TEST_OPERATION_GSEQ,
TEST_CASE_REF_GSEQ,
DATA_DRIVEN
)
values
(
379,
116,
23,
184,
'Payrolls:',
Null,
6,
Null,
'N'
);

insert into TEST_CASE_STEP
(
TEST_CASE_STEP_GSEQ,
TEST_CASE_GSEQ,
STEP_NUMBER,
UI_OBJECT_GSEQ,
VALUE,
SOA_TEST_GSEQ,
TEST_OPERATION_GSEQ,
TEST_CASE_REF_GSEQ,
DATA_DRIVEN
)
values
(
380,
116,
24,
185,
'Over DD Limit:',
Null,
6,
Null,
'N'
);

insert into TEST_CASE_STEP
(
TEST_CASE_STEP_GSEQ,
TEST_CASE_GSEQ,
STEP_NUMBER,
UI_OBJECT_GSEQ,
VALUE,
SOA_TEST_GSEQ,
TEST_OPERATION_GSEQ,
TEST_CASE_REF_GSEQ,
DATA_DRIVEN
)
values
(
381,
116,
25,
186,
'Returns:',
Null,
6,
Null,
'N'
);

insert into TEST_CASE_STEP
(
TEST_CASE_STEP_GSEQ,
TEST_CASE_GSEQ,
STEP_NUMBER,
UI_OBJECT_GSEQ,
VALUE,
SOA_TEST_GSEQ,
TEST_OPERATION_GSEQ,
TEST_CASE_REF_GSEQ,
DATA_DRIVEN
)
values
(
383,
127,
1,
Null,
Null,
Null,
19,
48,
'N'
);

insert into TEST_CASE_STEP
(
TEST_CASE_STEP_GSEQ,
TEST_CASE_GSEQ,
STEP_NUMBER,
UI_OBJECT_GSEQ,
VALUE,
SOA_TEST_GSEQ,
TEST_OPERATION_GSEQ,
TEST_CASE_REF_GSEQ,
DATA_DRIVEN
)
values
(
385,
127,
3,
32,
'749693729_GEMINI',
Null,
15,
Null,
'N'
);

insert into TEST_CASE_STEP
(
TEST_CASE_STEP_GSEQ,
TEST_CASE_GSEQ,
STEP_NUMBER,
UI_OBJECT_GSEQ,
VALUE,
SOA_TEST_GSEQ,
TEST_OPERATION_GSEQ,
TEST_CASE_REF_GSEQ,
DATA_DRIVEN
)
values
(
386,
127,
4,
Null,
'5',
Null,
59,
Null,
'N'
);

insert into TEST_CASE_STEP
(
TEST_CASE_STEP_GSEQ,
TEST_CASE_GSEQ,
STEP_NUMBER,
UI_OBJECT_GSEQ,
VALUE,
SOA_TEST_GSEQ,
TEST_OPERATION_GSEQ,
TEST_CASE_REF_GSEQ,
DATA_DRIVEN
)
values
(
410,
127,
5,
172,
'Gemini Acme Widgets, Inc.',
Null,
6,
Null,
'N'
);

insert into TEST_CASE_STEP
(
TEST_CASE_STEP_GSEQ,
TEST_CASE_GSEQ,
STEP_NUMBER,
UI_OBJECT_GSEQ,
VALUE,
SOA_TEST_GSEQ,
TEST_OPERATION_GSEQ,
TEST_CASE_REF_GSEQ,
DATA_DRIVEN
)
values
(
413,
127,
6,
187,
'Gemini001',
Null,
6,
Null,
'N'
);

insert into TEST_CASE_STEP
(
TEST_CASE_STEP_GSEQ,
TEST_CASE_GSEQ,
STEP_NUMBER,
UI_OBJECT_GSEQ,
VALUE,
SOA_TEST_GSEQ,
TEST_OPERATION_GSEQ,
TEST_CASE_REF_GSEQ,
DATA_DRIVEN
)
values
(
414,
127,
7,
171,
'749693729',
Null,
6,
Null,
'N'
);

insert into TEST_CASE_STEP
(
TEST_CASE_STEP_GSEQ,
TEST_CASE_GSEQ,
STEP_NUMBER,
UI_OBJECT_GSEQ,
VALUE,
SOA_TEST_GSEQ,
TEST_OPERATION_GSEQ,
TEST_CASE_REF_GSEQ,
DATA_DRIVEN
)
values
(
415,
127,
8,
188,
'Gemini',
Null,
6,
Null,
'N'
);

insert into TEST_CASE_STEP
(
TEST_CASE_STEP_GSEQ,
TEST_CASE_GSEQ,
STEP_NUMBER,
UI_OBJECT_GSEQ,
VALUE,
SOA_TEST_GSEQ,
TEST_OPERATION_GSEQ,
TEST_CASE_REF_GSEQ,
DATA_DRIVEN
)
values
(
416,
127,
9,
189,
Null,
Null,
6,
Null,
'N'
);

insert into TEST_CASE_STEP
(
TEST_CASE_STEP_GSEQ,
TEST_CASE_GSEQ,
STEP_NUMBER,
UI_OBJECT_GSEQ,
VALUE,
SOA_TEST_GSEQ,
TEST_OPERATION_GSEQ,
TEST_CASE_REF_GSEQ,
DATA_DRIVEN
)
values
(
417,
127,
10,
190,
'$0.00',
Null,
6,
Null,
'N'
);

insert into TEST_CASE_STEP
(
TEST_CASE_STEP_GSEQ,
TEST_CASE_GSEQ,
STEP_NUMBER,
UI_OBJECT_GSEQ,
VALUE,
SOA_TEST_GSEQ,
TEST_OPERATION_GSEQ,
TEST_CASE_REF_GSEQ,
DATA_DRIVEN
)
values
(
418,
127,
11,
191,
Null,
Null,
6,
Null,
'N'
);

insert into TEST_CASE_STEP
(
TEST_CASE_STEP_GSEQ,
TEST_CASE_GSEQ,
STEP_NUMBER,
UI_OBJECT_GSEQ,
VALUE,
SOA_TEST_GSEQ,
TEST_OPERATION_GSEQ,
TEST_CASE_REF_GSEQ,
DATA_DRIVEN
)
values
(
419,
127,
12,
192,
'0',
Null,
6,
Null,
'N'
);

insert into TEST_CASE_STEP
(
TEST_CASE_STEP_GSEQ,
TEST_CASE_GSEQ,
STEP_NUMBER,
UI_OBJECT_GSEQ,
VALUE,
SOA_TEST_GSEQ,
TEST_OPERATION_GSEQ,
TEST_CASE_REF_GSEQ,
DATA_DRIVEN
)
values
(
420,
127,
13,
193,
'0',
Null,
6,
Null,
'N'
);

insert into TEST_CASE_STEP
(
TEST_CASE_STEP_GSEQ,
TEST_CASE_GSEQ,
STEP_NUMBER,
UI_OBJECT_GSEQ,
VALUE,
SOA_TEST_GSEQ,
TEST_OPERATION_GSEQ,
TEST_CASE_REF_GSEQ,
DATA_DRIVEN
)
values
(
421,
127,
14,
194,
'0',
Null,
6,
Null,
'N'
);

insert into TEST_CASE_STEP
(
TEST_CASE_STEP_GSEQ,
TEST_CASE_GSEQ,
STEP_NUMBER,
UI_OBJECT_GSEQ,
VALUE,
SOA_TEST_GSEQ,
TEST_OPERATION_GSEQ,
TEST_CASE_REF_GSEQ,
DATA_DRIVEN
)
values
(
422,
127,
15,
Null,
Null,
Null,
Null,
47,
'N'
);

insert into TEST_CASE_STEP
(
TEST_CASE_STEP_GSEQ,
TEST_CASE_GSEQ,
STEP_NUMBER,
UI_OBJECT_GSEQ,
VALUE,
SOA_TEST_GSEQ,
TEST_OPERATION_GSEQ,
TEST_CASE_REF_GSEQ,
DATA_DRIVEN
)
values
(
423,
128,
1,
91,
Null,
Null,
Null,
48,
'N'
);

insert into TEST_CASE_STEP
(
TEST_CASE_STEP_GSEQ,
TEST_CASE_GSEQ,
STEP_NUMBER,
UI_OBJECT_GSEQ,
VALUE,
SOA_TEST_GSEQ,
TEST_OPERATION_GSEQ,
TEST_CASE_REF_GSEQ,
DATA_DRIVEN
)
values
(
425,
128,
3,
32,
'749693729_GEMINI',
Null,
15,
Null,
'N'
);

insert into TEST_CASE_STEP
(
TEST_CASE_STEP_GSEQ,
TEST_CASE_GSEQ,
STEP_NUMBER,
UI_OBJECT_GSEQ,
VALUE,
SOA_TEST_GSEQ,
TEST_OPERATION_GSEQ,
TEST_CASE_REF_GSEQ,
DATA_DRIVEN
)
values
(
426,
128,
4,
Null,
'5',
Null,
59,
Null,
'N'
);

insert into TEST_CASE_STEP
(
TEST_CASE_STEP_GSEQ,
TEST_CASE_GSEQ,
STEP_NUMBER,
UI_OBJECT_GSEQ,
VALUE,
SOA_TEST_GSEQ,
TEST_OPERATION_GSEQ,
TEST_CASE_REF_GSEQ,
DATA_DRIVEN
)
values
(
435,
128,
5,
33,
'Business Legal Name and Address',
Null,
6,
Null,
'N'
);

insert into TEST_CASE_STEP
(
TEST_CASE_STEP_GSEQ,
TEST_CASE_GSEQ,
STEP_NUMBER,
UI_OBJECT_GSEQ,
VALUE,
SOA_TEST_GSEQ,
TEST_OPERATION_GSEQ,
TEST_CASE_REF_GSEQ,
DATA_DRIVEN
)
values
(
436,
128,
6,
209,
'Legal Name:',
Null,
6,
Null,
'N'
);

insert into TEST_CASE_STEP
(
TEST_CASE_STEP_GSEQ,
TEST_CASE_GSEQ,
STEP_NUMBER,
UI_OBJECT_GSEQ,
VALUE,
SOA_TEST_GSEQ,
TEST_OPERATION_GSEQ,
TEST_CASE_REF_GSEQ,
DATA_DRIVEN
)
values
(
437,
128,
7,
212,
'Business Name:',
Null,
6,
Null,
'N'
);

insert into TEST_CASE_STEP
(
TEST_CASE_STEP_GSEQ,
TEST_CASE_GSEQ,
STEP_NUMBER,
UI_OBJECT_GSEQ,
VALUE,
SOA_TEST_GSEQ,
TEST_OPERATION_GSEQ,
TEST_CASE_REF_GSEQ,
DATA_DRIVEN
)
values
(
438,
128,
8,
213,
'EIN:',
Null,
6,
Null,
'N'
);

insert into TEST_CASE_STEP
(
TEST_CASE_STEP_GSEQ,
TEST_CASE_GSEQ,
STEP_NUMBER,
UI_OBJECT_GSEQ,
VALUE,
SOA_TEST_GSEQ,
TEST_OPERATION_GSEQ,
TEST_CASE_REF_GSEQ,
DATA_DRIVEN
)
values
(
439,
128,
9,
215,
'PSID:',
Null,
6,
Null,
'N'
);

insert into TEST_CASE_STEP
(
TEST_CASE_STEP_GSEQ,
TEST_CASE_GSEQ,
STEP_NUMBER,
UI_OBJECT_GSEQ,
VALUE,
SOA_TEST_GSEQ,
TEST_OPERATION_GSEQ,
TEST_CASE_REF_GSEQ,
DATA_DRIVEN
)
values
(
440,
128,
10,
217,
'Service Sign-up:',
Null,
6,
Null,
'N'
);

insert into TEST_CASE_STEP
(
TEST_CASE_STEP_GSEQ,
TEST_CASE_GSEQ,
STEP_NUMBER,
UI_OBJECT_GSEQ,
VALUE,
SOA_TEST_GSEQ,
TEST_OPERATION_GSEQ,
TEST_CASE_REF_GSEQ,
DATA_DRIVEN
)
values
(
441,
128,
11,
218,
'Activation Date:',
Null,
6,
Null,
'N'
);

insert into TEST_CASE_STEP
(
TEST_CASE_STEP_GSEQ,
TEST_CASE_GSEQ,
STEP_NUMBER,
UI_OBJECT_GSEQ,
VALUE,
SOA_TEST_GSEQ,
TEST_OPERATION_GSEQ,
TEST_CASE_REF_GSEQ,
DATA_DRIVEN
)
values
(
442,
128,
12,
220,
'Legal Address:',
Null,
6,
Null,
'N'
);

insert into TEST_CASE_STEP
(
TEST_CASE_STEP_GSEQ,
TEST_CASE_GSEQ,
STEP_NUMBER,
UI_OBJECT_GSEQ,
VALUE,
SOA_TEST_GSEQ,
TEST_OPERATION_GSEQ,
TEST_CASE_REF_GSEQ,
DATA_DRIVEN
)
values
(
443,
128,
13,
Null,
Null,
Null,
Null,
47,
'N'
);

insert into TEST_CASE_STEP
(
TEST_CASE_STEP_GSEQ,
TEST_CASE_GSEQ,
STEP_NUMBER,
UI_OBJECT_GSEQ,
VALUE,
SOA_TEST_GSEQ,
TEST_OPERATION_GSEQ,
TEST_CASE_REF_GSEQ,
DATA_DRIVEN
)
values
(
444,
129,
1,
91,
Null,
Null,
Null,
48,
'N'
);

insert into TEST_CASE_STEP
(
TEST_CASE_STEP_GSEQ,
TEST_CASE_GSEQ,
STEP_NUMBER,
UI_OBJECT_GSEQ,
VALUE,
SOA_TEST_GSEQ,
TEST_OPERATION_GSEQ,
TEST_CASE_REF_GSEQ,
DATA_DRIVEN
)
values
(
446,
129,
3,
32,
'749693729_GEMINI',
Null,
15,
Null,
'N'
);

insert into TEST_CASE_STEP
(
TEST_CASE_STEP_GSEQ,
TEST_CASE_GSEQ,
STEP_NUMBER,
UI_OBJECT_GSEQ,
VALUE,
SOA_TEST_GSEQ,
TEST_OPERATION_GSEQ,
TEST_CASE_REF_GSEQ,
DATA_DRIVEN
)
values
(
447,
129,
4,
Null,
'5',
Null,
59,
Null,
'N'
);

insert into TEST_CASE_STEP
(
TEST_CASE_STEP_GSEQ,
TEST_CASE_GSEQ,
STEP_NUMBER,
UI_OBJECT_GSEQ,
VALUE,
SOA_TEST_GSEQ,
TEST_OPERATION_GSEQ,
TEST_CASE_REF_GSEQ,
DATA_DRIVEN
)
values
(
456,
129,
5,
222,
'Payroll Information',
Null,
6,
Null,
'N'
);

insert into TEST_CASE_STEP
(
TEST_CASE_STEP_GSEQ,
TEST_CASE_GSEQ,
STEP_NUMBER,
UI_OBJECT_GSEQ,
VALUE,
SOA_TEST_GSEQ,
TEST_OPERATION_GSEQ,
TEST_CASE_REF_GSEQ,
DATA_DRIVEN
)
values
(
457,
129,
6,
223,
'Payroll Info',
Null,
6,
Null,
'N'
);

insert into TEST_CASE_STEP
(
TEST_CASE_STEP_GSEQ,
TEST_CASE_GSEQ,
STEP_NUMBER,
UI_OBJECT_GSEQ,
VALUE,
SOA_TEST_GSEQ,
TEST_OPERATION_GSEQ,
TEST_CASE_REF_GSEQ,
DATA_DRIVEN
)
values
(
458,
129,
7,
224,
'Payroll Bank Account Info',
Null,
6,
Null,
'N'
);

insert into TEST_CASE_STEP
(
TEST_CASE_STEP_GSEQ,
TEST_CASE_GSEQ,
STEP_NUMBER,
UI_OBJECT_GSEQ,
VALUE,
SOA_TEST_GSEQ,
TEST_OPERATION_GSEQ,
TEST_CASE_REF_GSEQ,
DATA_DRIVEN
)
values
(
459,
129,
8,
199,
'Employees:',
Null,
6,
Null,
'N'
);

insert into TEST_CASE_STEP
(
TEST_CASE_STEP_GSEQ,
TEST_CASE_GSEQ,
STEP_NUMBER,
UI_OBJECT_GSEQ,
VALUE,
SOA_TEST_GSEQ,
TEST_OPERATION_GSEQ,
TEST_CASE_REF_GSEQ,
DATA_DRIVEN
)
values
(
460,
129,
9,
201,
'Payroll Frequency:',
Null,
6,
Null,
'N'
);

insert into TEST_CASE_STEP
(
TEST_CASE_STEP_GSEQ,
TEST_CASE_GSEQ,
STEP_NUMBER,
UI_OBJECT_GSEQ,
VALUE,
SOA_TEST_GSEQ,
TEST_OPERATION_GSEQ,
TEST_CASE_REF_GSEQ,
DATA_DRIVEN
)
values
(
461,
129,
10,
203,
'Priors?',
Null,
6,
Null,
'N'
);

insert into TEST_CASE_STEP
(
TEST_CASE_STEP_GSEQ,
TEST_CASE_GSEQ,
STEP_NUMBER,
UI_OBJECT_GSEQ,
VALUE,
SOA_TEST_GSEQ,
TEST_OPERATION_GSEQ,
TEST_CASE_REF_GSEQ,
DATA_DRIVEN
)
values
(
462,
129,
11,
205,
'Benefits?',
Null,
6,
Null,
'N'
);

insert into TEST_CASE_STEP
(
TEST_CASE_STEP_GSEQ,
TEST_CASE_GSEQ,
STEP_NUMBER,
UI_OBJECT_GSEQ,
VALUE,
SOA_TEST_GSEQ,
TEST_OPERATION_GSEQ,
TEST_CASE_REF_GSEQ,
DATA_DRIVEN
)
values
(
463,
129,
12,
207,
'Bank Account Type:',
Null,
6,
Null,
'N'
);

insert into TEST_CASE_STEP
(
TEST_CASE_STEP_GSEQ,
TEST_CASE_GSEQ,
STEP_NUMBER,
UI_OBJECT_GSEQ,
VALUE,
SOA_TEST_GSEQ,
TEST_OPERATION_GSEQ,
TEST_CASE_REF_GSEQ,
DATA_DRIVEN
)
values
(
464,
129,
13,
210,
'Bank Legal Name:',
Null,
6,
Null,
'N'
);

insert into TEST_CASE_STEP
(
TEST_CASE_STEP_GSEQ,
TEST_CASE_GSEQ,
STEP_NUMBER,
UI_OBJECT_GSEQ,
VALUE,
SOA_TEST_GSEQ,
TEST_OPERATION_GSEQ,
TEST_CASE_REF_GSEQ,
DATA_DRIVEN
)
values
(
465,
129,
14,
214,
'Routing Number:',
Null,
6,
Null,
'N'
);

insert into TEST_CASE_STEP
(
TEST_CASE_STEP_GSEQ,
TEST_CASE_GSEQ,
STEP_NUMBER,
UI_OBJECT_GSEQ,
VALUE,
SOA_TEST_GSEQ,
TEST_OPERATION_GSEQ,
TEST_CASE_REF_GSEQ,
DATA_DRIVEN
)
values
(
466,
129,
15,
219,
'Account Number:',
Null,
6,
Null,
'N'
);

insert into TEST_CASE_STEP
(
TEST_CASE_STEP_GSEQ,
TEST_CASE_GSEQ,
STEP_NUMBER,
UI_OBJECT_GSEQ,
VALUE,
SOA_TEST_GSEQ,
TEST_OPERATION_GSEQ,
TEST_CASE_REF_GSEQ,
DATA_DRIVEN
)
values
(
467,
129,
16,
Null,
Null,
Null,
Null,
47,
'N'
);

insert into TEST_CASE_STEP
(
TEST_CASE_STEP_GSEQ,
TEST_CASE_GSEQ,
STEP_NUMBER,
UI_OBJECT_GSEQ,
VALUE,
SOA_TEST_GSEQ,
TEST_OPERATION_GSEQ,
TEST_CASE_REF_GSEQ,
DATA_DRIVEN
)
values
(
468,
130,
1,
91,
Null,
Null,
Null,
48,
'N'
);

insert into TEST_CASE_STEP
(
TEST_CASE_STEP_GSEQ,
TEST_CASE_GSEQ,
STEP_NUMBER,
UI_OBJECT_GSEQ,
VALUE,
SOA_TEST_GSEQ,
TEST_OPERATION_GSEQ,
TEST_CASE_REF_GSEQ,
DATA_DRIVEN
)
values
(
470,
130,
3,
32,
'749693729_GEMINI',
Null,
15,
Null,
'N'
);

insert into TEST_CASE_STEP
(
TEST_CASE_STEP_GSEQ,
TEST_CASE_GSEQ,
STEP_NUMBER,
UI_OBJECT_GSEQ,
VALUE,
SOA_TEST_GSEQ,
TEST_OPERATION_GSEQ,
TEST_CASE_REF_GSEQ,
DATA_DRIVEN
)
values
(
471,
130,
4,
Null,
'5',
Null,
59,
Null,
'N'
);

insert into TEST_CASE_STEP
(
TEST_CASE_STEP_GSEQ,
TEST_CASE_GSEQ,
STEP_NUMBER,
UI_OBJECT_GSEQ,
VALUE,
SOA_TEST_GSEQ,
TEST_OPERATION_GSEQ,
TEST_CASE_REF_GSEQ,
DATA_DRIVEN
)
values
(
484,
130,
5,
200,
'3',
Null,
6,
Null,
'N'
);

insert into TEST_CASE_STEP
(
TEST_CASE_STEP_GSEQ,
TEST_CASE_GSEQ,
STEP_NUMBER,
UI_OBJECT_GSEQ,
VALUE,
SOA_TEST_GSEQ,
TEST_OPERATION_GSEQ,
TEST_CASE_REF_GSEQ,
DATA_DRIVEN
)
values
(
485,
130,
6,
202,
'BiWeekly',
Null,
6,
Null,
'N'
);

insert into TEST_CASE_STEP
(
TEST_CASE_STEP_GSEQ,
TEST_CASE_GSEQ,
STEP_NUMBER,
UI_OBJECT_GSEQ,
VALUE,
SOA_TEST_GSEQ,
TEST_OPERATION_GSEQ,
TEST_CASE_REF_GSEQ,
DATA_DRIVEN
)
values
(
486,
130,
7,
204,
'N',
Null,
6,
Null,
'N'
);

insert into TEST_CASE_STEP
(
TEST_CASE_STEP_GSEQ,
TEST_CASE_GSEQ,
STEP_NUMBER,
UI_OBJECT_GSEQ,
VALUE,
SOA_TEST_GSEQ,
TEST_OPERATION_GSEQ,
TEST_CASE_REF_GSEQ,
DATA_DRIVEN
)
values
(
487,
130,
8,
206,
'N',
Null,
6,
Null,
'N'
);

insert into TEST_CASE_STEP
(
TEST_CASE_STEP_GSEQ,
TEST_CASE_GSEQ,
STEP_NUMBER,
UI_OBJECT_GSEQ,
VALUE,
SOA_TEST_GSEQ,
TEST_OPERATION_GSEQ,
TEST_CASE_REF_GSEQ,
DATA_DRIVEN
)
values
(
488,
130,
9,
208,
'Checking',
Null,
6,
Null,
'N'
);

insert into TEST_CASE_STEP
(
TEST_CASE_STEP_GSEQ,
TEST_CASE_GSEQ,
STEP_NUMBER,
UI_OBJECT_GSEQ,
VALUE,
SOA_TEST_GSEQ,
TEST_OPERATION_GSEQ,
TEST_CASE_REF_GSEQ,
DATA_DRIVEN
)
values
(
489,
130,
10,
211,
'BofA',
Null,
6,
Null,
'N'
);

insert into TEST_CASE_STEP
(
TEST_CASE_STEP_GSEQ,
TEST_CASE_GSEQ,
STEP_NUMBER,
UI_OBJECT_GSEQ,
VALUE,
SOA_TEST_GSEQ,
TEST_OPERATION_GSEQ,
TEST_CASE_REF_GSEQ,
DATA_DRIVEN
)
values
(
490,
130,
11,
216,
'122400724',
Null,
6,
Null,
'N'
);

insert into TEST_CASE_STEP
(
TEST_CASE_STEP_GSEQ,
TEST_CASE_GSEQ,
STEP_NUMBER,
UI_OBJECT_GSEQ,
VALUE,
SOA_TEST_GSEQ,
TEST_OPERATION_GSEQ,
TEST_CASE_REF_GSEQ,
DATA_DRIVEN
)
values
(
491,
130,
12,
221,
'AccNum',
Null,
6,
Null,
'N'
);

insert into TEST_CASE_STEP
(
TEST_CASE_STEP_GSEQ,
TEST_CASE_GSEQ,
STEP_NUMBER,
UI_OBJECT_GSEQ,
VALUE,
SOA_TEST_GSEQ,
TEST_OPERATION_GSEQ,
TEST_CASE_REF_GSEQ,
DATA_DRIVEN
)
values
(
492,
130,
13,
Null,
Null,
Null,
Null,
47,
'N'
);

insert into TEST_CASE_STEP
(
TEST_CASE_STEP_GSEQ,
TEST_CASE_GSEQ,
STEP_NUMBER,
UI_OBJECT_GSEQ,
VALUE,
SOA_TEST_GSEQ,
TEST_OPERATION_GSEQ,
TEST_CASE_REF_GSEQ,
DATA_DRIVEN
)
values
(
496,
131,
1,
91,
Null,
Null,
Null,
48,
'N'
);

insert into TEST_CASE_STEP
(
TEST_CASE_STEP_GSEQ,
TEST_CASE_GSEQ,
STEP_NUMBER,
UI_OBJECT_GSEQ,
VALUE,
SOA_TEST_GSEQ,
TEST_OPERATION_GSEQ,
TEST_CASE_REF_GSEQ,
DATA_DRIVEN
)
values
(
498,
131,
3,
32,
'749693729_GEMINI',
Null,
15,
Null,
'N'
);

insert into TEST_CASE_STEP
(
TEST_CASE_STEP_GSEQ,
TEST_CASE_GSEQ,
STEP_NUMBER,
UI_OBJECT_GSEQ,
VALUE,
SOA_TEST_GSEQ,
TEST_OPERATION_GSEQ,
TEST_CASE_REF_GSEQ,
DATA_DRIVEN
)
values
(
499,
131,
4,
Null,
'5',
Null,
59,
Null,
'N'
);

insert into TEST_CASE_STEP
(
TEST_CASE_STEP_GSEQ,
TEST_CASE_GSEQ,
STEP_NUMBER,
UI_OBJECT_GSEQ,
VALUE,
SOA_TEST_GSEQ,
TEST_OPERATION_GSEQ,
TEST_CASE_REF_GSEQ,
DATA_DRIVEN
)
values
(
511,
131,
8,
Null,
Null,
Null,
Null,
47,
'N'
);

insert into TEST_CASE_STEP
(
TEST_CASE_STEP_GSEQ,
TEST_CASE_GSEQ,
STEP_NUMBER,
UI_OBJECT_GSEQ,
VALUE,
SOA_TEST_GSEQ,
TEST_OPERATION_GSEQ,
TEST_CASE_REF_GSEQ,
DATA_DRIVEN
)
values
(
512,
131,
5,
226,
'Edit',
Null,
58,
Null,
'N'
);

insert into TEST_CASE_STEP
(
TEST_CASE_STEP_GSEQ,
TEST_CASE_GSEQ,
STEP_NUMBER,
UI_OBJECT_GSEQ,
VALUE,
SOA_TEST_GSEQ,
TEST_OPERATION_GSEQ,
TEST_CASE_REF_GSEQ,
DATA_DRIVEN
)
values
(
513,
131,
6,
227,
'Tax Information',
Null,
6,
Null,
'N'
);

insert into TEST_CASE_STEP
(
TEST_CASE_STEP_GSEQ,
TEST_CASE_GSEQ,
STEP_NUMBER,
UI_OBJECT_GSEQ,
VALUE,
SOA_TEST_GSEQ,
TEST_OPERATION_GSEQ,
TEST_CASE_REF_GSEQ,
DATA_DRIVEN
)
values
(
514,
132,
1,
275,
Null,
Null,
Null,
48,
'N'
);

insert into TEST_CASE_STEP
(
TEST_CASE_STEP_GSEQ,
TEST_CASE_GSEQ,
STEP_NUMBER,
UI_OBJECT_GSEQ,
VALUE,
SOA_TEST_GSEQ,
TEST_OPERATION_GSEQ,
TEST_CASE_REF_GSEQ,
DATA_DRIVEN
)
values
(
516,
132,
3,
32,
'749693729_GEMINI',
Null,
15,
Null,
'N'
);

insert into TEST_CASE_STEP
(
TEST_CASE_STEP_GSEQ,
TEST_CASE_GSEQ,
STEP_NUMBER,
UI_OBJECT_GSEQ,
VALUE,
SOA_TEST_GSEQ,
TEST_OPERATION_GSEQ,
TEST_CASE_REF_GSEQ,
DATA_DRIVEN
)
values
(
517,
132,
4,
Null,
'5',
Null,
59,
Null,
'N'
);

insert into TEST_CASE_STEP
(
TEST_CASE_STEP_GSEQ,
TEST_CASE_GSEQ,
STEP_NUMBER,
UI_OBJECT_GSEQ,
VALUE,
SOA_TEST_GSEQ,
TEST_OPERATION_GSEQ,
TEST_CASE_REF_GSEQ,
DATA_DRIVEN
)
values
(
521,
132,
5,
229,
'Forms',
Null,
6,
Null,
'N'
);

insert into TEST_CASE_STEP
(
TEST_CASE_STEP_GSEQ,
TEST_CASE_GSEQ,
STEP_NUMBER,
UI_OBJECT_GSEQ,
VALUE,
SOA_TEST_GSEQ,
TEST_OPERATION_GSEQ,
TEST_CASE_REF_GSEQ,
DATA_DRIVEN
)
values
(
522,
132,
6,
230,
'Forms',
Null,
6,
Null,
'N'
);

insert into TEST_CASE_STEP
(
TEST_CASE_STEP_GSEQ,
TEST_CASE_GSEQ,
STEP_NUMBER,
UI_OBJECT_GSEQ,
VALUE,
SOA_TEST_GSEQ,
TEST_OPERATION_GSEQ,
TEST_CASE_REF_GSEQ,
DATA_DRIVEN
)
values
(
523,
132,
7,
231,
'Form Title',
Null,
6,
Null,
'N'
);

insert into TEST_CASE_STEP
(
TEST_CASE_STEP_GSEQ,
TEST_CASE_GSEQ,
STEP_NUMBER,
UI_OBJECT_GSEQ,
VALUE,
SOA_TEST_GSEQ,
TEST_OPERATION_GSEQ,
TEST_CASE_REF_GSEQ,
DATA_DRIVEN
)
values
(
524,
132,
8,
232,
'Status',
Null,
6,
Null,
'N'
);

insert into TEST_CASE_STEP
(
TEST_CASE_STEP_GSEQ,
TEST_CASE_GSEQ,
STEP_NUMBER,
UI_OBJECT_GSEQ,
VALUE,
SOA_TEST_GSEQ,
TEST_OPERATION_GSEQ,
TEST_CASE_REF_GSEQ,
DATA_DRIVEN
)
values
(
525,
132,
9,
233,
'FALSE',
Null,
10,
Null,
'N'
);

insert into TEST_CASE_STEP
(
TEST_CASE_STEP_GSEQ,
TEST_CASE_GSEQ,
STEP_NUMBER,
UI_OBJECT_GSEQ,
VALUE,
SOA_TEST_GSEQ,
TEST_OPERATION_GSEQ,
TEST_CASE_REF_GSEQ,
DATA_DRIVEN
)
values
(
526,
132,
10,
233,
'8655',
Null,
58,
Null,
'N'
);

insert into TEST_CASE_STEP
(
TEST_CASE_STEP_GSEQ,
TEST_CASE_GSEQ,
STEP_NUMBER,
UI_OBJECT_GSEQ,
VALUE,
SOA_TEST_GSEQ,
TEST_OPERATION_GSEQ,
TEST_CASE_REF_GSEQ,
DATA_DRIVEN
)
values
(
527,
132,
11,
234,
'FALSE',
Null,
10,
Null,
'N'
);

insert into TEST_CASE_STEP
(
TEST_CASE_STEP_GSEQ,
TEST_CASE_GSEQ,
STEP_NUMBER,
UI_OBJECT_GSEQ,
VALUE,
SOA_TEST_GSEQ,
TEST_OPERATION_GSEQ,
TEST_CASE_REF_GSEQ,
DATA_DRIVEN
)
values
(
528,
132,
12,
234,
'LPOA',
Null,
58,
Null,
'N'
);

insert into TEST_CASE_STEP
(
TEST_CASE_STEP_GSEQ,
TEST_CASE_GSEQ,
STEP_NUMBER,
UI_OBJECT_GSEQ,
VALUE,
SOA_TEST_GSEQ,
TEST_OPERATION_GSEQ,
TEST_CASE_REF_GSEQ,
DATA_DRIVEN
)
values
(
529,
132,
13,
235,
'TRUE',
Null,
10,
Null,
'N'
);

insert into TEST_CASE_STEP
(
TEST_CASE_STEP_GSEQ,
TEST_CASE_GSEQ,
STEP_NUMBER,
UI_OBJECT_GSEQ,
VALUE,
SOA_TEST_GSEQ,
TEST_OPERATION_GSEQ,
TEST_CASE_REF_GSEQ,
DATA_DRIVEN
)
values
(
530,
132,
14,
235,
'Attach...',
Null,
58,
Null,
'N'
);

insert into TEST_CASE_STEP
(
TEST_CASE_STEP_GSEQ,
TEST_CASE_GSEQ,
STEP_NUMBER,
UI_OBJECT_GSEQ,
VALUE,
SOA_TEST_GSEQ,
TEST_OPERATION_GSEQ,
TEST_CASE_REF_GSEQ,
DATA_DRIVEN
)
values
(
531,
132,
15,
237,
'TRUE',
Null,
10,
Null,
'N'
);

insert into TEST_CASE_STEP
(
TEST_CASE_STEP_GSEQ,
TEST_CASE_GSEQ,
STEP_NUMBER,
UI_OBJECT_GSEQ,
VALUE,
SOA_TEST_GSEQ,
TEST_OPERATION_GSEQ,
TEST_CASE_REF_GSEQ,
DATA_DRIVEN
)
values
(
532,
132,
16,
237,
'Attach...',
Null,
58,
Null,
'N'
);

insert into TEST_CASE_STEP
(
TEST_CASE_STEP_GSEQ,
TEST_CASE_GSEQ,
STEP_NUMBER,
UI_OBJECT_GSEQ,
VALUE,
SOA_TEST_GSEQ,
TEST_OPERATION_GSEQ,
TEST_CASE_REF_GSEQ,
DATA_DRIVEN
)
values
(
533,
132,
17,
236,
'FALSE',
Null,
10,
Null,
'N'
);

insert into TEST_CASE_STEP
(
TEST_CASE_STEP_GSEQ,
TEST_CASE_GSEQ,
STEP_NUMBER,
UI_OBJECT_GSEQ,
VALUE,
SOA_TEST_GSEQ,
TEST_OPERATION_GSEQ,
TEST_CASE_REF_GSEQ,
DATA_DRIVEN
)
values
(
534,
132,
18,
236,
'Delete',
Null,
58,
Null,
'N'
);

insert into TEST_CASE_STEP
(
TEST_CASE_STEP_GSEQ,
TEST_CASE_GSEQ,
STEP_NUMBER,
UI_OBJECT_GSEQ,
VALUE,
SOA_TEST_GSEQ,
TEST_OPERATION_GSEQ,
TEST_CASE_REF_GSEQ,
DATA_DRIVEN
)
values
(
535,
132,
19,
238,
'FALSE',
Null,
10,
Null,
'N'
);

insert into TEST_CASE_STEP
(
TEST_CASE_STEP_GSEQ,
TEST_CASE_GSEQ,
STEP_NUMBER,
UI_OBJECT_GSEQ,
VALUE,
SOA_TEST_GSEQ,
TEST_OPERATION_GSEQ,
TEST_CASE_REF_GSEQ,
DATA_DRIVEN
)
values
(
536,
132,
20,
238,
'Delete',
Null,
58,
Null,
'N'
);

insert into TEST_CASE_STEP
(
TEST_CASE_STEP_GSEQ,
TEST_CASE_GSEQ,
STEP_NUMBER,
UI_OBJECT_GSEQ,
VALUE,
SOA_TEST_GSEQ,
TEST_OPERATION_GSEQ,
TEST_CASE_REF_GSEQ,
DATA_DRIVEN
)
values
(
537,
132,
21,
Null,
Null,
Null,
Null,
47,
'N'
);

insert into TEST_CASE_STEP
(
TEST_CASE_STEP_GSEQ,
TEST_CASE_GSEQ,
STEP_NUMBER,
UI_OBJECT_GSEQ,
VALUE,
SOA_TEST_GSEQ,
TEST_OPERATION_GSEQ,
TEST_CASE_REF_GSEQ,
DATA_DRIVEN
)
values
(
538,
133,
1,
91,
Null,
Null,
Null,
48,
'N'
);

insert into TEST_CASE_STEP
(
TEST_CASE_STEP_GSEQ,
TEST_CASE_GSEQ,
STEP_NUMBER,
UI_OBJECT_GSEQ,
VALUE,
SOA_TEST_GSEQ,
TEST_OPERATION_GSEQ,
TEST_CASE_REF_GSEQ,
DATA_DRIVEN
)
values
(
540,
133,
3,
32,
'749693729_GEMINI',
Null,
15,
Null,
'N'
);

insert into TEST_CASE_STEP
(
TEST_CASE_STEP_GSEQ,
TEST_CASE_GSEQ,
STEP_NUMBER,
UI_OBJECT_GSEQ,
VALUE,
SOA_TEST_GSEQ,
TEST_OPERATION_GSEQ,
TEST_CASE_REF_GSEQ,
DATA_DRIVEN
)
values
(
541,
133,
4,
Null,
'5',
Null,
59,
Null,
'N'
);

insert into TEST_CASE_STEP
(
TEST_CASE_STEP_GSEQ,
TEST_CASE_GSEQ,
STEP_NUMBER,
UI_OBJECT_GSEQ,
VALUE,
SOA_TEST_GSEQ,
TEST_OPERATION_GSEQ,
TEST_CASE_REF_GSEQ,
DATA_DRIVEN
)
values
(
559,
133,
5,
239,
'Employee Info',
Null,
6,
Null,
'N'
);

insert into TEST_CASE_STEP
(
TEST_CASE_STEP_GSEQ,
TEST_CASE_GSEQ,
STEP_NUMBER,
UI_OBJECT_GSEQ,
VALUE,
SOA_TEST_GSEQ,
TEST_OPERATION_GSEQ,
TEST_CASE_REF_GSEQ,
DATA_DRIVEN
)
values
(
561,
133,
7,
Null,
Null,
Null,
Null,
47,
'N'
);

insert into TEST_CASE_STEP
(
TEST_CASE_STEP_GSEQ,
TEST_CASE_GSEQ,
STEP_NUMBER,
UI_OBJECT_GSEQ,
VALUE,
SOA_TEST_GSEQ,
TEST_OPERATION_GSEQ,
TEST_CASE_REF_GSEQ,
DATA_DRIVEN
)
values
(
563,
87,
5,
131,
'0',
Null,
78,
Null,
'N'
);

insert into TEST_CASE_STEP
(
TEST_CASE_STEP_GSEQ,
TEST_CASE_GSEQ,
STEP_NUMBER,
UI_OBJECT_GSEQ,
VALUE,
SOA_TEST_GSEQ,
TEST_OPERATION_GSEQ,
TEST_CASE_REF_GSEQ,
DATA_DRIVEN
)
values
(
564,
87,
4,
131,
'{{Gemini Acme Widgets, Inc., 749693729, AdminLN, AdminFN AdminMN, 04/20/2009, Bank Account Verify, 04/27/2009, activations, Auto,  | ,   |  | }, {Gemini Acme Widgets, LLC, 123678945, AdminLN, Goofy AdminMN, 04/27/2009, EFTPS Enrollment, 04/27/2009, ,  | ,   |  | }, {Gemini Acme Widgets, LLC, 123677745, AdminLN, Joe AdminMN, 04/27/2009, Unemployment Rate, 04/27/2009, activations, Auto,  | ,   |  | }, {Gemini Acme Widgets, LLC, 123666745, AdminLN, Paige AdminMN, 04/27/2009, Unemployment Rate, 04/27/2009, activations, Auto,  | ,   |  | }}',
Null,
79,
Null,
'N'
);

insert into TEST_CASE_STEP
(
TEST_CASE_STEP_GSEQ,
TEST_CASE_GSEQ,
STEP_NUMBER,
UI_OBJECT_GSEQ,
VALUE,
SOA_TEST_GSEQ,
TEST_OPERATION_GSEQ,
TEST_CASE_REF_GSEQ,
DATA_DRIVEN
)
values
(
565,
87,
2,
240,
'All Companies',
Null,
17,
Null,
'N'
);

insert into TEST_CASE_STEP
(
TEST_CASE_STEP_GSEQ,
TEST_CASE_GSEQ,
STEP_NUMBER,
UI_OBJECT_GSEQ,
VALUE,
SOA_TEST_GSEQ,
TEST_OPERATION_GSEQ,
TEST_CASE_REF_GSEQ,
DATA_DRIVEN
)
values
(
566,
87,
6,
131,
'{{Gemini Acme Widgets, LLC, 123677745, AdminLN, Joe AdminMN, 04/27/2009, Unemployment Rate, 04/27/2009, activations, Auto,  | ,   |  | }, {Gemini Acme Widgets, LLC, 123678945, AdminLN, Goofy AdminMN, 04/27/2009, EFTPS Enrollment, 04/27/2009, ,  | ,   |  | }, {Gemini Acme Widgets, LLC, 123666745, AdminLN, Paige AdminMN, 04/27/2009, Unemployment Rate, 04/27/2009, activations, Auto,  | ,   |  | }, {Gemini Acme Widgets, Inc., 749693729, AdminLN, AdminFN AdminMN, 04/20/2009, Bank Account Verify, 04/27/2009, activations, Auto,  | ,   |  | }}',
Null,
79,
Null,
'N'
);

insert into TEST_CASE_STEP
(
TEST_CASE_STEP_GSEQ,
TEST_CASE_GSEQ,
STEP_NUMBER,
UI_OBJECT_GSEQ,
VALUE,
SOA_TEST_GSEQ,
TEST_OPERATION_GSEQ,
TEST_CASE_REF_GSEQ,
DATA_DRIVEN
)
values
(
567,
87,
7,
131,
'1',
Null,
78,
Null,
'N'
);

insert into TEST_CASE_STEP
(
TEST_CASE_STEP_GSEQ,
TEST_CASE_GSEQ,
STEP_NUMBER,
UI_OBJECT_GSEQ,
VALUE,
SOA_TEST_GSEQ,
TEST_OPERATION_GSEQ,
TEST_CASE_REF_GSEQ,
DATA_DRIVEN
)
values
(
568,
87,
8,
131,
'{{Gemini Acme Widgets, LLC, 123666745, AdminLN, Paige AdminMN, 04/27/2009, Unemployment Rate, 04/27/2009, activations, Auto,  | ,   |  | }, {Gemini Acme Widgets, LLC, 123677745, AdminLN, Joe AdminMN, 04/27/2009, Unemployment Rate, 04/27/2009, activations, Auto,  | ,   |  | }, {Gemini Acme Widgets, LLC, 123678945, AdminLN, Goofy AdminMN, 04/27/2009, EFTPS Enrollment, 04/27/2009, ,  | ,   |  | }, {Gemini Acme Widgets, Inc., 749693729, AdminLN, AdminFN AdminMN, 04/20/2009, Bank Account Verify, 04/27/2009, activations, Auto,  | ,   |  | }}',
Null,
79,
Null,
'N'
);

insert into TEST_CASE_STEP
(
TEST_CASE_STEP_GSEQ,
TEST_CASE_GSEQ,
STEP_NUMBER,
UI_OBJECT_GSEQ,
VALUE,
SOA_TEST_GSEQ,
TEST_OPERATION_GSEQ,
TEST_CASE_REF_GSEQ,
DATA_DRIVEN
)
values
(
570,
87,
9,
131,
'1',
Null,
78,
Null,
'N'
);

insert into TEST_CASE_STEP
(
TEST_CASE_STEP_GSEQ,
TEST_CASE_GSEQ,
STEP_NUMBER,
UI_OBJECT_GSEQ,
VALUE,
SOA_TEST_GSEQ,
TEST_OPERATION_GSEQ,
TEST_CASE_REF_GSEQ,
DATA_DRIVEN
)
values
(
571,
87,
10,
131,
'{{Gemini Acme Widgets, Inc., 749693729, AdminLN, AdminFN AdminMN, 04/20/2009, Bank Account Verify, 04/27/2009, activations, Auto,  | ,   |  | }, {Gemini Acme Widgets, LLC, 123678945, AdminLN, Goofy AdminMN, 04/27/2009, EFTPS Enrollment, 04/27/2009, ,  | ,   |  | }, {Gemini Acme Widgets, LLC, 123677745, AdminLN, Joe AdminMN, 04/27/2009, Unemployment Rate, 04/27/2009, activations, Auto,  | ,   |  | }, {Gemini Acme Widgets, LLC, 123666745, AdminLN, Paige AdminMN, 04/27/2009, Unemployment Rate, 04/27/2009, activations, Auto,  | ,   |  | }}',
Null,
79,
Null,
'N'
);

insert into TEST_CASE_STEP
(
TEST_CASE_STEP_GSEQ,
TEST_CASE_GSEQ,
STEP_NUMBER,
UI_OBJECT_GSEQ,
VALUE,
SOA_TEST_GSEQ,
TEST_OPERATION_GSEQ,
TEST_CASE_REF_GSEQ,
DATA_DRIVEN
)
values
(
572,
87,
11,
131,
'2',
Null,
78,
Null,
'N'
);

insert into TEST_CASE_STEP
(
TEST_CASE_STEP_GSEQ,
TEST_CASE_GSEQ,
STEP_NUMBER,
UI_OBJECT_GSEQ,
VALUE,
SOA_TEST_GSEQ,
TEST_OPERATION_GSEQ,
TEST_CASE_REF_GSEQ,
DATA_DRIVEN
)
values
(
573,
87,
12,
131,
'{{Gemini Acme Widgets, Inc., 749693729, AdminLN, AdminFN AdminMN, 04/20/2009, Bank Account Verify, 04/27/2009, activations, Auto,  | ,   |  | }, {Gemini Acme Widgets, LLC, 123678945, AdminLN, Goofy AdminMN, 04/27/2009, EFTPS Enrollment, 04/27/2009, ,  | ,   |  | }, {Gemini Acme Widgets, LLC, 123677745, AdminLN, Joe AdminMN, 04/27/2009, Unemployment Rate, 04/27/2009, activations, Auto,  | ,   |  | }, {Gemini Acme Widgets, LLC, 123666745, AdminLN, Paige AdminMN, 04/27/2009, Unemployment Rate, 04/27/2009, activations, Auto,  | ,   |  | }}',
Null,
79,
Null,
'N'
);

insert into TEST_CASE_STEP
(
TEST_CASE_STEP_GSEQ,
TEST_CASE_GSEQ,
STEP_NUMBER,
UI_OBJECT_GSEQ,
VALUE,
SOA_TEST_GSEQ,
TEST_OPERATION_GSEQ,
TEST_CASE_REF_GSEQ,
DATA_DRIVEN
)
values
(
574,
87,
13,
131,
'2',
Null,
78,
Null,
'N'
);

insert into TEST_CASE_STEP
(
TEST_CASE_STEP_GSEQ,
TEST_CASE_GSEQ,
STEP_NUMBER,
UI_OBJECT_GSEQ,
VALUE,
SOA_TEST_GSEQ,
TEST_OPERATION_GSEQ,
TEST_CASE_REF_GSEQ,
DATA_DRIVEN
)
values
(
575,
87,
14,
131,
'{{Gemini Acme Widgets, LLC, 123666745, AdminLN, Paige AdminMN, 04/27/2009, Unemployment Rate, 04/27/2009, activations, Auto,  | ,   |  | }, {Gemini Acme Widgets, LLC, 123677745, AdminLN, Joe AdminMN, 04/27/2009, Unemployment Rate, 04/27/2009, activations, Auto,  | ,   |  | }, {Gemini Acme Widgets, LLC, 123678945, AdminLN, Goofy AdminMN, 04/27/2009, EFTPS Enrollment, 04/27/2009, ,  | ,   |  | }, {Gemini Acme Widgets, Inc., 749693729, AdminLN, AdminFN AdminMN, 04/20/2009, Bank Account Verify, 04/27/2009, activations, Auto,  | ,   |  | }}',
Null,
79,
Null,
'N'
);

insert into TEST_CASE_STEP
(
TEST_CASE_STEP_GSEQ,
TEST_CASE_GSEQ,
STEP_NUMBER,
UI_OBJECT_GSEQ,
VALUE,
SOA_TEST_GSEQ,
TEST_OPERATION_GSEQ,
TEST_CASE_REF_GSEQ,
DATA_DRIVEN
)
values
(
577,
87,
15,
131,
'3',
Null,
78,
Null,
'N'
);

insert into TEST_CASE_STEP
(
TEST_CASE_STEP_GSEQ,
TEST_CASE_GSEQ,
STEP_NUMBER,
UI_OBJECT_GSEQ,
VALUE,
SOA_TEST_GSEQ,
TEST_OPERATION_GSEQ,
TEST_CASE_REF_GSEQ,
DATA_DRIVEN
)
values
(
579,
87,
16,
131,
'{{Gemini Acme Widgets, Inc., 749693729, AdminLN, AdminFN AdminMN, 04/20/2009, Bank Account Verify, 04/27/2009, activations, Auto,  | ,   |  | }, {Gemini Acme Widgets, LLC, 123677745, AdminLN, Joe AdminMN, 04/27/2009, Unemployment Rate, 04/27/2009, activations, Auto,  | ,   |  | }, {Gemini Acme Widgets, LLC, 123678945, AdminLN, Goofy AdminMN, 04/27/2009, EFTPS Enrollment, 04/27/2009, ,  | ,   |  | }, {Gemini Acme Widgets, LLC, 123666745, AdminLN, Paige AdminMN, 04/27/2009, Unemployment Rate, 04/27/2009, activations, Auto,  | ,   |  | }}',
Null,
79,
Null,
'N'
);

insert into TEST_CASE_STEP
(
TEST_CASE_STEP_GSEQ,
TEST_CASE_GSEQ,
STEP_NUMBER,
UI_OBJECT_GSEQ,
VALUE,
SOA_TEST_GSEQ,
TEST_OPERATION_GSEQ,
TEST_CASE_REF_GSEQ,
DATA_DRIVEN
)
values
(
580,
87,
17,
131,
'3',
Null,
78,
Null,
'N'
);

insert into TEST_CASE_STEP
(
TEST_CASE_STEP_GSEQ,
TEST_CASE_GSEQ,
STEP_NUMBER,
UI_OBJECT_GSEQ,
VALUE,
SOA_TEST_GSEQ,
TEST_OPERATION_GSEQ,
TEST_CASE_REF_GSEQ,
DATA_DRIVEN
)
values
(
582,
87,
18,
131,
'{{Gemini Acme Widgets, LLC, 123666745, AdminLN, Paige AdminMN, 04/27/2009, Unemployment Rate, 04/27/2009, activations, Auto,  | ,   |  | }, {Gemini Acme Widgets, LLC, 123678945, AdminLN, Goofy AdminMN, 04/27/2009, EFTPS Enrollment, 04/27/2009, ,  | ,   |  | }, {Gemini Acme Widgets, LLC, 123677745, AdminLN, Joe AdminMN, 04/27/2009, Unemployment Rate, 04/27/2009, activations, Auto,  | ,   |  | }, {Gemini Acme Widgets, Inc., 749693729, AdminLN, AdminFN AdminMN, 04/20/2009, Bank Account Verify, 04/27/2009, activations, Auto,  | ,   |  | }}',
Null,
79,
Null,
'N'
);

insert into TEST_CASE_STEP
(
TEST_CASE_STEP_GSEQ,
TEST_CASE_GSEQ,
STEP_NUMBER,
UI_OBJECT_GSEQ,
VALUE,
SOA_TEST_GSEQ,
TEST_OPERATION_GSEQ,
TEST_CASE_REF_GSEQ,
DATA_DRIVEN
)
values
(
583,
87,
19,
131,
'4',
Null,
78,
Null,
'N'
);

insert into TEST_CASE_STEP
(
TEST_CASE_STEP_GSEQ,
TEST_CASE_GSEQ,
STEP_NUMBER,
UI_OBJECT_GSEQ,
VALUE,
SOA_TEST_GSEQ,
TEST_OPERATION_GSEQ,
TEST_CASE_REF_GSEQ,
DATA_DRIVEN
)
values
(
584,
87,
20,
131,
'{{Gemini Acme Widgets, Inc., 749693729, AdminLN, AdminFN AdminMN, 04/20/2009, Bank Account Verify, 04/27/2009, activations, Auto,  | ,   |  | }, {Gemini Acme Widgets, LLC, 123678945, AdminLN, Goofy AdminMN, 04/27/2009, EFTPS Enrollment, 04/27/2009, ,  | ,   |  | }, {Gemini Acme Widgets, LLC, 123677745, AdminLN, Joe AdminMN, 04/27/2009, Unemployment Rate, 04/27/2009, activations, Auto,  | ,   |  | }, {Gemini Acme Widgets, LLC, 123666745, AdminLN, Paige AdminMN, 04/27/2009, Unemployment Rate, 04/27/2009, activations, Auto,  | ,   |  | }}',
Null,
79,
Null,
'N'
);

insert into TEST_CASE_STEP
(
TEST_CASE_STEP_GSEQ,
TEST_CASE_GSEQ,
STEP_NUMBER,
UI_OBJECT_GSEQ,
VALUE,
SOA_TEST_GSEQ,
TEST_OPERATION_GSEQ,
TEST_CASE_REF_GSEQ,
DATA_DRIVEN
)
values
(
585,
87,
22,
131,
'{{Gemini Acme Widgets, LLC, 123677745, AdminLN, Joe AdminMN, 04/27/2009, Unemployment Rate, 04/27/2009, activations, Auto,  | ,   |  | }, {Gemini Acme Widgets, LLC, 123666745, AdminLN, Paige AdminMN, 04/27/2009, Unemployment Rate, 04/27/2009, activations, Auto,  | ,   |  | }, {Gemini Acme Widgets, LLC, 123678945, AdminLN, Goofy AdminMN, 04/27/2009, EFTPS Enrollment, 04/27/2009, ,  | ,   |  | }, {Gemini Acme Widgets, Inc., 749693729, AdminLN, AdminFN AdminMN, 04/20/2009, Bank Account Verify, 04/27/2009, activations, Auto,  | ,   |  | }}',
Null,
79,
Null,
'N'
);

insert into TEST_CASE_STEP
(
TEST_CASE_STEP_GSEQ,
TEST_CASE_GSEQ,
STEP_NUMBER,
UI_OBJECT_GSEQ,
VALUE,
SOA_TEST_GSEQ,
TEST_OPERATION_GSEQ,
TEST_CASE_REF_GSEQ,
DATA_DRIVEN
)
values
(
587,
87,
21,
131,
'4',
Null,
78,
Null,
'N'
);

insert into TEST_CASE_STEP
(
TEST_CASE_STEP_GSEQ,
TEST_CASE_GSEQ,
STEP_NUMBER,
UI_OBJECT_GSEQ,
VALUE,
SOA_TEST_GSEQ,
TEST_OPERATION_GSEQ,
TEST_CASE_REF_GSEQ,
DATA_DRIVEN
)
values
(
589,
87,
23,
131,
'5',
Null,
78,
Null,
'N'
);

insert into TEST_CASE_STEP
(
TEST_CASE_STEP_GSEQ,
TEST_CASE_GSEQ,
STEP_NUMBER,
UI_OBJECT_GSEQ,
VALUE,
SOA_TEST_GSEQ,
TEST_OPERATION_GSEQ,
TEST_CASE_REF_GSEQ,
DATA_DRIVEN
)
values
(
590,
87,
24,
131,
'{{Gemini Acme Widgets, Inc., 749693729, AdminLN, AdminFN AdminMN, 04/20/2009, Bank Account Verify, 04/27/2009, activations, Auto,  | ,   |  | }, {Gemini Acme Widgets, LLC, 123677745, AdminLN, Joe AdminMN, 04/27/2009, Unemployment Rate, 04/27/2009, activations, Auto,  | ,   |  | }, {Gemini Acme Widgets, LLC, 123678945, AdminLN, Goofy AdminMN, 04/27/2009, EFTPS Enrollment, 04/27/2009, ,  | ,   |  | }, {Gemini Acme Widgets, LLC, 123666745, AdminLN, Paige AdminMN, 04/27/2009, Unemployment Rate, 04/27/2009, activations, Auto,  | ,   |  | }}',
Null,
79,
Null,
'N'
);

insert into TEST_CASE_STEP
(
TEST_CASE_STEP_GSEQ,
TEST_CASE_GSEQ,
STEP_NUMBER,
UI_OBJECT_GSEQ,
VALUE,
SOA_TEST_GSEQ,
TEST_OPERATION_GSEQ,
TEST_CASE_REF_GSEQ,
DATA_DRIVEN
)
values
(
591,
87,
25,
131,
'5',
Null,
78,
Null,
'N'
);

insert into TEST_CASE_STEP
(
TEST_CASE_STEP_GSEQ,
TEST_CASE_GSEQ,
STEP_NUMBER,
UI_OBJECT_GSEQ,
VALUE,
SOA_TEST_GSEQ,
TEST_OPERATION_GSEQ,
TEST_CASE_REF_GSEQ,
DATA_DRIVEN
)
values
(
592,
87,
26,
131,
'{{Gemini Acme Widgets, LLC, 123666745, AdminLN, Paige AdminMN, 04/27/2009, Unemployment Rate, 04/27/2009, activations, Auto,  | ,   |  | }, {Gemini Acme Widgets, LLC, 123678945, AdminLN, Goofy AdminMN, 04/27/2009, EFTPS Enrollment, 04/27/2009, ,  | ,   |  | }, {Gemini Acme Widgets, LLC, 123677745, AdminLN, Joe AdminMN, 04/27/2009, Unemployment Rate, 04/27/2009, activations, Auto,  | ,   |  | }, {Gemini Acme Widgets, Inc., 749693729, AdminLN, AdminFN AdminMN, 04/20/2009, Bank Account Verify, 04/27/2009, activations, Auto,  | ,   |  | }}',
Null,
79,
Null,
'N'
);

insert into TEST_CASE_STEP
(
TEST_CASE_STEP_GSEQ,
TEST_CASE_GSEQ,
STEP_NUMBER,
UI_OBJECT_GSEQ,
VALUE,
SOA_TEST_GSEQ,
TEST_OPERATION_GSEQ,
TEST_CASE_REF_GSEQ,
DATA_DRIVEN
)
values
(
593,
87,
27,
131,
'6',
Null,
78,
Null,
'N'
);

insert into TEST_CASE_STEP
(
TEST_CASE_STEP_GSEQ,
TEST_CASE_GSEQ,
STEP_NUMBER,
UI_OBJECT_GSEQ,
VALUE,
SOA_TEST_GSEQ,
TEST_OPERATION_GSEQ,
TEST_CASE_REF_GSEQ,
DATA_DRIVEN
)
values
(
594,
87,
28,
131,
'{{Gemini Acme Widgets, LLC, 123677745, AdminLN, Joe AdminMN, 04/27/2009, Unemployment Rate, 04/27/2009, activations, Auto,  | ,   |  | }, {Gemini Acme Widgets, Inc., 749693729, AdminLN, AdminFN AdminMN, 04/20/2009, Bank Account Verify, 04/27/2009, activations, Auto,  | ,   |  | }, {Gemini Acme Widgets, LLC, 123666745, AdminLN, Paige AdminMN, 04/27/2009, Unemployment Rate, 04/27/2009, activations, Auto,  | ,   |  | }, {Gemini Acme Widgets, LLC, 123678945, AdminLN, Goofy AdminMN, 04/27/2009, EFTPS Enrollment, 04/27/2009, ,  | ,   |  | }}',
Null,
79,
Null,
'N'
);

insert into TEST_CASE_STEP
(
TEST_CASE_STEP_GSEQ,
TEST_CASE_GSEQ,
STEP_NUMBER,
UI_OBJECT_GSEQ,
VALUE,
SOA_TEST_GSEQ,
TEST_OPERATION_GSEQ,
TEST_CASE_REF_GSEQ,
DATA_DRIVEN
)
values
(
595,
87,
29,
131,
'6',
Null,
78,
Null,
'N'
);

insert into TEST_CASE_STEP
(
TEST_CASE_STEP_GSEQ,
TEST_CASE_GSEQ,
STEP_NUMBER,
UI_OBJECT_GSEQ,
VALUE,
SOA_TEST_GSEQ,
TEST_OPERATION_GSEQ,
TEST_CASE_REF_GSEQ,
DATA_DRIVEN
)
values
(
596,
87,
30,
131,
'{{Gemini Acme Widgets, LLC, 123678945, AdminLN, Goofy AdminMN, 04/27/2009, EFTPS Enrollment, 04/27/2009, ,  | ,   |  | }, {Gemini Acme Widgets, LLC, 123677745, AdminLN, Joe AdminMN, 04/27/2009, Unemployment Rate, 04/27/2009, activations, Auto,  | ,   |  | }, {Gemini Acme Widgets, Inc., 749693729, AdminLN, AdminFN AdminMN, 04/20/2009, Bank Account Verify, 04/27/2009, activations, Auto,  | ,   |  | }, {Gemini Acme Widgets, LLC, 123666745, AdminLN, Paige AdminMN, 04/27/2009, Unemployment Rate, 04/27/2009, activations, Auto,  | ,   |  | }}',
Null,
79,
Null,
'N'
);

insert into TEST_CASE_STEP
(
TEST_CASE_STEP_GSEQ,
TEST_CASE_GSEQ,
STEP_NUMBER,
UI_OBJECT_GSEQ,
VALUE,
SOA_TEST_GSEQ,
TEST_OPERATION_GSEQ,
TEST_CASE_REF_GSEQ,
DATA_DRIVEN
)
values
(
597,
119,
7,
242,
'Acme Widgets by Gemini',
Null,
6,
Null,
'N'
);

insert into TEST_CASE_STEP
(
TEST_CASE_STEP_GSEQ,
TEST_CASE_GSEQ,
STEP_NUMBER,
UI_OBJECT_GSEQ,
VALUE,
SOA_TEST_GSEQ,
TEST_OPERATION_GSEQ,
TEST_CASE_REF_GSEQ,
DATA_DRIVEN
)
values
(
598,
119,
8,
243,
'749693729',
Null,
6,
Null,
'N'
);

insert into TEST_CASE_STEP
(
TEST_CASE_STEP_GSEQ,
TEST_CASE_GSEQ,
STEP_NUMBER,
UI_OBJECT_GSEQ,
VALUE,
SOA_TEST_GSEQ,
TEST_OPERATION_GSEQ,
TEST_CASE_REF_GSEQ,
DATA_DRIVEN
)
values
(
599,
119,
9,
244,
'Gemini001',
Null,
6,
Null,
'N'
);

insert into TEST_CASE_STEP
(
TEST_CASE_STEP_GSEQ,
TEST_CASE_GSEQ,
STEP_NUMBER,
UI_OBJECT_GSEQ,
VALUE,
SOA_TEST_GSEQ,
TEST_OPERATION_GSEQ,
TEST_CASE_REF_GSEQ,
DATA_DRIVEN
)
values
(
600,
119,
4,
246,
Null,
Null,
15,
Null,
'N'
);

insert into TEST_CASE_STEP
(
TEST_CASE_STEP_GSEQ,
TEST_CASE_GSEQ,
STEP_NUMBER,
UI_OBJECT_GSEQ,
VALUE,
SOA_TEST_GSEQ,
TEST_OPERATION_GSEQ,
TEST_CASE_REF_GSEQ,
DATA_DRIVEN
)
values
(
601,
133,
6,
247,
'Employee Name | SSN | State Live | State Work | DD Y/N',
Null,
20,
Null,
'N'
);

insert into TEST_CASE_STEP
(
TEST_CASE_STEP_GSEQ,
TEST_CASE_GSEQ,
STEP_NUMBER,
UI_OBJECT_GSEQ,
VALUE,
SOA_TEST_GSEQ,
TEST_OPERATION_GSEQ,
TEST_CASE_REF_GSEQ,
DATA_DRIVEN
)
values
(
604,
131,
7,
228,
'Name | Agency ID | Rate',
Null,
20,
Null,
'N'
);

insert into TEST_CASE_STEP
(
TEST_CASE_STEP_GSEQ,
TEST_CASE_GSEQ,
STEP_NUMBER,
UI_OBJECT_GSEQ,
VALUE,
SOA_TEST_GSEQ,
TEST_OPERATION_GSEQ,
TEST_CASE_REF_GSEQ,
DATA_DRIVEN
)
values
(
605,
119,
10,
253,
'Business Name:',
Null,
6,
Null,
'N'
);

insert into TEST_CASE_STEP
(
TEST_CASE_STEP_GSEQ,
TEST_CASE_GSEQ,
STEP_NUMBER,
UI_OBJECT_GSEQ,
VALUE,
SOA_TEST_GSEQ,
TEST_OPERATION_GSEQ,
TEST_CASE_REF_GSEQ,
DATA_DRIVEN
)
values
(
606,
119,
11,
254,
'EIN:',
Null,
6,
Null,
'N'
);

insert into TEST_CASE_STEP
(
TEST_CASE_STEP_GSEQ,
TEST_CASE_GSEQ,
STEP_NUMBER,
UI_OBJECT_GSEQ,
VALUE,
SOA_TEST_GSEQ,
TEST_OPERATION_GSEQ,
TEST_CASE_REF_GSEQ,
DATA_DRIVEN
)
values
(
607,
119,
12,
256,
'Legal Address:',
Null,
6,
Null,
'N'
);

insert into TEST_CASE_STEP
(
TEST_CASE_STEP_GSEQ,
TEST_CASE_GSEQ,
STEP_NUMBER,
UI_OBJECT_GSEQ,
VALUE,
SOA_TEST_GSEQ,
TEST_OPERATION_GSEQ,
TEST_CASE_REF_GSEQ,
DATA_DRIVEN
)
values
(
608,
119,
13,
252,
'Legal Name:',
Null,
6,
Null,
'N'
);

insert into TEST_CASE_STEP
(
TEST_CASE_STEP_GSEQ,
TEST_CASE_GSEQ,
STEP_NUMBER,
UI_OBJECT_GSEQ,
VALUE,
SOA_TEST_GSEQ,
TEST_OPERATION_GSEQ,
TEST_CASE_REF_GSEQ,
DATA_DRIVEN
)
values
(
609,
119,
14,
255,
'PSID:',
Null,
6,
Null,
'N'
);

insert into TEST_CASE_STEP
(
TEST_CASE_STEP_GSEQ,
TEST_CASE_GSEQ,
STEP_NUMBER,
UI_OBJECT_GSEQ,
VALUE,
SOA_TEST_GSEQ,
TEST_OPERATION_GSEQ,
TEST_CASE_REF_GSEQ,
DATA_DRIVEN
)
values
(
610,
134,
1,
Null,
Null,
Null,
Null,
48,
'N'
);

insert into TEST_CASE_STEP
(
TEST_CASE_STEP_GSEQ,
TEST_CASE_GSEQ,
STEP_NUMBER,
UI_OBJECT_GSEQ,
VALUE,
SOA_TEST_GSEQ,
TEST_OPERATION_GSEQ,
TEST_CASE_REF_GSEQ,
DATA_DRIVEN
)
values
(
611,
134,
2,
32,
'749693729_GEMINI',
Null,
15,
Null,
'N'
);

insert into TEST_CASE_STEP
(
TEST_CASE_STEP_GSEQ,
TEST_CASE_GSEQ,
STEP_NUMBER,
UI_OBJECT_GSEQ,
VALUE,
SOA_TEST_GSEQ,
TEST_OPERATION_GSEQ,
TEST_CASE_REF_GSEQ,
DATA_DRIVEN
)
values
(
612,
134,
3,
Null,
'5',
Null,
59,
Null,
'N'
);

insert into TEST_CASE_STEP
(
TEST_CASE_STEP_GSEQ,
TEST_CASE_GSEQ,
STEP_NUMBER,
UI_OBJECT_GSEQ,
VALUE,
SOA_TEST_GSEQ,
TEST_OPERATION_GSEQ,
TEST_CASE_REF_GSEQ,
DATA_DRIVEN
)
values
(
613,
134,
4,
246,
Null,
Null,
15,
Null,
'N'
);

insert into TEST_CASE_STEP
(
TEST_CASE_STEP_GSEQ,
TEST_CASE_GSEQ,
STEP_NUMBER,
UI_OBJECT_GSEQ,
VALUE,
SOA_TEST_GSEQ,
TEST_OPERATION_GSEQ,
TEST_CASE_REF_GSEQ,
DATA_DRIVEN
)
values
(
623,
134,
5,
267,
'Address: ',
Null,
6,
Null,
'N'
);

insert into TEST_CASE_STEP
(
TEST_CASE_STEP_GSEQ,
TEST_CASE_GSEQ,
STEP_NUMBER,
UI_OBJECT_GSEQ,
VALUE,
SOA_TEST_GSEQ,
TEST_OPERATION_GSEQ,
TEST_CASE_REF_GSEQ,
DATA_DRIVEN
)
values
(
624,
134,
6,
268,
'13433 Wyoming Valley',
Null,
6,
Null,
'N'
);

insert into TEST_CASE_STEP
(
TEST_CASE_STEP_GSEQ,
TEST_CASE_GSEQ,
STEP_NUMBER,
UI_OBJECT_GSEQ,
VALUE,
SOA_TEST_GSEQ,
TEST_OPERATION_GSEQ,
TEST_CASE_REF_GSEQ,
DATA_DRIVEN
)
values
(
625,
134,
7,
269,
'Suite 300',
Null,
6,
Null,
'N'
);

insert into TEST_CASE_STEP
(
TEST_CASE_STEP_GSEQ,
TEST_CASE_GSEQ,
STEP_NUMBER,
UI_OBJECT_GSEQ,
VALUE,
SOA_TEST_GSEQ,
TEST_OPERATION_GSEQ,
TEST_CASE_REF_GSEQ,
DATA_DRIVEN
)
values
(
626,
134,
8,
270,
'Way around back',
Null,
6,
Null,
'N'
);

insert into TEST_CASE_STEP
(
TEST_CASE_STEP_GSEQ,
TEST_CASE_GSEQ,
STEP_NUMBER,
UI_OBJECT_GSEQ,
VALUE,
SOA_TEST_GSEQ,
TEST_OPERATION_GSEQ,
TEST_CASE_REF_GSEQ,
DATA_DRIVEN
)
values
(
627,
134,
9,
271,
'Austin, TX 78727',
Null,
6,
Null,
'N'
);

insert into TEST_CASE_STEP
(
TEST_CASE_STEP_GSEQ,
TEST_CASE_GSEQ,
STEP_NUMBER,
UI_OBJECT_GSEQ,
VALUE,
SOA_TEST_GSEQ,
TEST_OPERATION_GSEQ,
TEST_CASE_REF_GSEQ,
DATA_DRIVEN
)
values
(
628,
134,
10,
272,
'1234',
Null,
6,
Null,
'N'
);

insert into TEST_CASE_STEP
(
TEST_CASE_STEP_GSEQ,
TEST_CASE_GSEQ,
STEP_NUMBER,
UI_OBJECT_GSEQ,
VALUE,
SOA_TEST_GSEQ,
TEST_OPERATION_GSEQ,
TEST_CASE_REF_GSEQ,
DATA_DRIVEN
)
values
(
629,
134,
11,
266,
'Gemini001_admin@intuit.com',
Null,
6,
Null,
'N'
);

insert into TEST_CASE_STEP
(
TEST_CASE_STEP_GSEQ,
TEST_CASE_GSEQ,
STEP_NUMBER,
UI_OBJECT_GSEQ,
VALUE,
SOA_TEST_GSEQ,
TEST_OPERATION_GSEQ,
TEST_CASE_REF_GSEQ,
DATA_DRIVEN
)
values
(
630,
134,
12,
265,
'Email: ',
Null,
6,
Null,
'N'
);

insert into TEST_CASE_STEP
(
TEST_CASE_STEP_GSEQ,
TEST_CASE_GSEQ,
STEP_NUMBER,
UI_OBJECT_GSEQ,
VALUE,
SOA_TEST_GSEQ,
TEST_OPERATION_GSEQ,
TEST_CASE_REF_GSEQ,
DATA_DRIVEN
)
values
(
631,
134,
13,
262,
'8880009999',
Null,
6,
Null,
'N'
);

insert into TEST_CASE_STEP
(
TEST_CASE_STEP_GSEQ,
TEST_CASE_GSEQ,
STEP_NUMBER,
UI_OBJECT_GSEQ,
VALUE,
SOA_TEST_GSEQ,
TEST_OPERATION_GSEQ,
TEST_CASE_REF_GSEQ,
DATA_DRIVEN
)
values
(
632,
134,
14,
261,
'Fax: ',
Null,
6,
Null,
'N'
);

insert into TEST_CASE_STEP
(
TEST_CASE_STEP_GSEQ,
TEST_CASE_GSEQ,
STEP_NUMBER,
UI_OBJECT_GSEQ,
VALUE,
SOA_TEST_GSEQ,
TEST_OPERATION_GSEQ,
TEST_CASE_REF_GSEQ,
DATA_DRIVEN
)
values
(
633,
134,
15,
260,
'CFO',
Null,
6,
Null,
'N'
);

insert into TEST_CASE_STEP
(
TEST_CASE_STEP_GSEQ,
TEST_CASE_GSEQ,
STEP_NUMBER,
UI_OBJECT_GSEQ,
VALUE,
SOA_TEST_GSEQ,
TEST_OPERATION_GSEQ,
TEST_CASE_REF_GSEQ,
DATA_DRIVEN
)
values
(
634,
134,
16,
259,
'Job Title: ',
Null,
6,
Null,
'N'
);

insert into TEST_CASE_STEP
(
TEST_CASE_STEP_GSEQ,
TEST_CASE_GSEQ,
STEP_NUMBER,
UI_OBJECT_GSEQ,
VALUE,
SOA_TEST_GSEQ,
TEST_OPERATION_GSEQ,
TEST_CASE_REF_GSEQ,
DATA_DRIVEN
)
values
(
635,
134,
17,
258,
'Mr AdminFN AdminLN Jr',
Null,
6,
Null,
'N'
);

insert into TEST_CASE_STEP
(
TEST_CASE_STEP_GSEQ,
TEST_CASE_GSEQ,
STEP_NUMBER,
UI_OBJECT_GSEQ,
VALUE,
SOA_TEST_GSEQ,
TEST_OPERATION_GSEQ,
TEST_CASE_REF_GSEQ,
DATA_DRIVEN
)
values
(
636,
134,
18,
257,
'Name: ',
Null,
6,
Null,
'N'
);

insert into TEST_CASE_STEP
(
TEST_CASE_STEP_GSEQ,
TEST_CASE_GSEQ,
STEP_NUMBER,
UI_OBJECT_GSEQ,
VALUE,
SOA_TEST_GSEQ,
TEST_OPERATION_GSEQ,
TEST_CASE_REF_GSEQ,
DATA_DRIVEN
)
values
(
637,
134,
19,
264,
'8880001111',
Null,
6,
Null,
'N'
);

insert into TEST_CASE_STEP
(
TEST_CASE_STEP_GSEQ,
TEST_CASE_GSEQ,
STEP_NUMBER,
UI_OBJECT_GSEQ,
VALUE,
SOA_TEST_GSEQ,
TEST_OPERATION_GSEQ,
TEST_CASE_REF_GSEQ,
DATA_DRIVEN
)
values
(
638,
134,
20,
263,
'Phone: ',
Null,
6,
Null,
'N'
);

insert into TEST_CASE_STEP
(
TEST_CASE_STEP_GSEQ,
TEST_CASE_GSEQ,
STEP_NUMBER,
UI_OBJECT_GSEQ,
VALUE,
SOA_TEST_GSEQ,
TEST_OPERATION_GSEQ,
TEST_CASE_REF_GSEQ,
DATA_DRIVEN
)
values
(
639,
135,
1,
Null,
Null,
Null,
Null,
48,
'N'
);

insert into TEST_CASE_STEP
(
TEST_CASE_STEP_GSEQ,
TEST_CASE_GSEQ,
STEP_NUMBER,
UI_OBJECT_GSEQ,
VALUE,
SOA_TEST_GSEQ,
TEST_OPERATION_GSEQ,
TEST_CASE_REF_GSEQ,
DATA_DRIVEN
)
values
(
640,
135,
2,
32,
'749693729_GEMINI',
Null,
15,
Null,
'N'
);

insert into TEST_CASE_STEP
(
TEST_CASE_STEP_GSEQ,
TEST_CASE_GSEQ,
STEP_NUMBER,
UI_OBJECT_GSEQ,
VALUE,
SOA_TEST_GSEQ,
TEST_OPERATION_GSEQ,
TEST_CASE_REF_GSEQ,
DATA_DRIVEN
)
values
(
641,
135,
3,
Null,
'5',
Null,
59,
Null,
'N'
);

insert into TEST_CASE_STEP
(
TEST_CASE_STEP_GSEQ,
TEST_CASE_GSEQ,
STEP_NUMBER,
UI_OBJECT_GSEQ,
VALUE,
SOA_TEST_GSEQ,
TEST_OPERATION_GSEQ,
TEST_CASE_REF_GSEQ,
DATA_DRIVEN
)
values
(
642,
135,
4,
246,
Null,
Null,
15,
Null,
'N'
);

insert into TEST_CASE_STEP
(
TEST_CASE_STEP_GSEQ,
TEST_CASE_GSEQ,
STEP_NUMBER,
UI_OBJECT_GSEQ,
VALUE,
SOA_TEST_GSEQ,
TEST_OPERATION_GSEQ,
TEST_CASE_REF_GSEQ,
DATA_DRIVEN
)
values
(
652,
135,
5,
273,
'TRUE',
Null,
57,
Null,
'N'
);

insert into TEST_CASE_STEP
(
TEST_CASE_STEP_GSEQ,
TEST_CASE_GSEQ,
STEP_NUMBER,
UI_OBJECT_GSEQ,
VALUE,
SOA_TEST_GSEQ,
TEST_OPERATION_GSEQ,
TEST_CASE_REF_GSEQ,
DATA_DRIVEN
)
values
(
653,
135,
6,
276,
'default: $15,000.00',
Null,
6,
Null,
'N'
);

insert into TEST_CASE_STEP
(
TEST_CASE_STEP_GSEQ,
TEST_CASE_GSEQ,
STEP_NUMBER,
UI_OBJECT_GSEQ,
VALUE,
SOA_TEST_GSEQ,
TEST_OPERATION_GSEQ,
TEST_CASE_REF_GSEQ,
DATA_DRIVEN
)
values
(
654,
135,
7,
274,
'default: $40,000.00',
Null,
6,
Null,
'N'
);

insert into TEST_CASE_STEP
(
TEST_CASE_STEP_GSEQ,
TEST_CASE_GSEQ,
STEP_NUMBER,
UI_OBJECT_GSEQ,
VALUE,
SOA_TEST_GSEQ,
TEST_OPERATION_GSEQ,
TEST_CASE_REF_GSEQ,
DATA_DRIVEN
)
values
(
655,
135,
8,
280,
'0',
Null,
6,
Null,
'N'
);

insert into TEST_CASE_STEP
(
TEST_CASE_STEP_GSEQ,
TEST_CASE_GSEQ,
STEP_NUMBER,
UI_OBJECT_GSEQ,
VALUE,
SOA_TEST_GSEQ,
TEST_OPERATION_GSEQ,
TEST_CASE_REF_GSEQ,
DATA_DRIVEN
)
values
(
656,
135,
9,
279,
'Transaction Response Token:',
Null,
6,
Null,
'N'
);

insert into TEST_CASE_STEP
(
TEST_CASE_STEP_GSEQ,
TEST_CASE_GSEQ,
STEP_NUMBER,
UI_OBJECT_GSEQ,
VALUE,
SOA_TEST_GSEQ,
TEST_OPERATION_GSEQ,
TEST_CASE_REF_GSEQ,
DATA_DRIVEN
)
values
(
657,
135,
10,
278,
'0 strikes within the past 12 months',
Null,
6,
Null,
'N'
);

insert into TEST_CASE_STEP
(
TEST_CASE_STEP_GSEQ,
TEST_CASE_GSEQ,
STEP_NUMBER,
UI_OBJECT_GSEQ,
VALUE,
SOA_TEST_GSEQ,
TEST_OPERATION_GSEQ,
TEST_CASE_REF_GSEQ,
DATA_DRIVEN
)
values
(
658,
135,
11,
281,
Null,
Null,
15,
Null,
'N'
);

insert into TEST_CASE_STEP
(
TEST_CASE_STEP_GSEQ,
TEST_CASE_GSEQ,
STEP_NUMBER,
UI_OBJECT_GSEQ,
VALUE,
SOA_TEST_GSEQ,
TEST_OPERATION_GSEQ,
TEST_CASE_REF_GSEQ,
DATA_DRIVEN
)
values
(
659,
87,
31,
282,
'123666745_GEMINI',
Null,
15,
Null,
'N'
);

insert into TEST_CASE_STEP
(
TEST_CASE_STEP_GSEQ,
TEST_CASE_GSEQ,
STEP_NUMBER,
UI_OBJECT_GSEQ,
VALUE,
SOA_TEST_GSEQ,
TEST_OPERATION_GSEQ,
TEST_CASE_REF_GSEQ,
DATA_DRIVEN
)
values
(
661,
87,
32,
284,
'Testing',
Null,
2,
Null,
'N'
);

insert into TEST_CASE_STEP
(
TEST_CASE_STEP_GSEQ,
TEST_CASE_GSEQ,
STEP_NUMBER,
UI_OBJECT_GSEQ,
VALUE,
SOA_TEST_GSEQ,
TEST_OPERATION_GSEQ,
TEST_CASE_REF_GSEQ,
DATA_DRIVEN
)
values
(
662,
87,
33,
285,
Null,
Null,
15,
Null,
'N'
);

insert into TEST_CASE_STEP
(
TEST_CASE_STEP_GSEQ,
TEST_CASE_GSEQ,
STEP_NUMBER,
UI_OBJECT_GSEQ,
VALUE,
SOA_TEST_GSEQ,
TEST_OPERATION_GSEQ,
TEST_CASE_REF_GSEQ,
DATA_DRIVEN
)
values
(
664,
87,
35,
Null,
Null,
Null,
Null,
47,
'N'
);

insert into TEST_CASE_STEP
(
TEST_CASE_STEP_GSEQ,
TEST_CASE_GSEQ,
STEP_NUMBER,
UI_OBJECT_GSEQ,
VALUE,
SOA_TEST_GSEQ,
TEST_OPERATION_GSEQ,
TEST_CASE_REF_GSEQ,
DATA_DRIVEN
)
values
(
665,
87,
37,
131,
'1',
Null,
78,
Null,
'N'
);

insert into TEST_CASE_STEP
(
TEST_CASE_STEP_GSEQ,
TEST_CASE_GSEQ,
STEP_NUMBER,
UI_OBJECT_GSEQ,
VALUE,
SOA_TEST_GSEQ,
TEST_OPERATION_GSEQ,
TEST_CASE_REF_GSEQ,
DATA_DRIVEN
)
values
(
667,
87,
38,
131,
'dd',
Null,
79,
Null,
'N'
);

insert into TEST_CASE_STEP
(
TEST_CASE_STEP_GSEQ,
TEST_CASE_GSEQ,
STEP_NUMBER,
UI_OBJECT_GSEQ,
VALUE,
SOA_TEST_GSEQ,
TEST_OPERATION_GSEQ,
TEST_CASE_REF_GSEQ,
DATA_DRIVEN
)
values
(
670,
87,
34,
31,
Null,
Null,
15,
Null,
'N'
);

insert into TEST_CASE_STEP
(
TEST_CASE_STEP_GSEQ,
TEST_CASE_GSEQ,
STEP_NUMBER,
UI_OBJECT_GSEQ,
VALUE,
SOA_TEST_GSEQ,
TEST_OPERATION_GSEQ,
TEST_CASE_REF_GSEQ,
DATA_DRIVEN
)
values
(
671,
87,
36,
Null,
Null,
Null,
Null,
48,
'N'
);

insert into TEST_CASE_STEP
(
TEST_CASE_STEP_GSEQ,
TEST_CASE_GSEQ,
STEP_NUMBER,
UI_OBJECT_GSEQ,
VALUE,
SOA_TEST_GSEQ,
TEST_OPERATION_GSEQ,
TEST_CASE_REF_GSEQ,
DATA_DRIVEN
)
values
(
672,
87,
39,
Null,
Null,
Null,
Null,
47,
'N'
);

insert into TEST_CASE_STEP
(
TEST_CASE_STEP_GSEQ,
TEST_CASE_GSEQ,
STEP_NUMBER,
UI_OBJECT_GSEQ,
VALUE,
SOA_TEST_GSEQ,
TEST_OPERATION_GSEQ,
TEST_CASE_REF_GSEQ,
DATA_DRIVEN
)
values
(
673,
118,
19,
288,
'Job Title: ',
Null,
6,
Null,
'N'
);

insert into TEST_CASE_STEP
(
TEST_CASE_STEP_GSEQ,
TEST_CASE_GSEQ,
STEP_NUMBER,
UI_OBJECT_GSEQ,
VALUE,
SOA_TEST_GSEQ,
TEST_OPERATION_GSEQ,
TEST_CASE_REF_GSEQ,
DATA_DRIVEN
)
values
(
674,
118,
20,
289,
'Phone: ',
Null,
6,
Null,
'N'
);

insert into TEST_CASE_STEP
(
TEST_CASE_STEP_GSEQ,
TEST_CASE_GSEQ,
STEP_NUMBER,
UI_OBJECT_GSEQ,
VALUE,
SOA_TEST_GSEQ,
TEST_OPERATION_GSEQ,
TEST_CASE_REF_GSEQ,
DATA_DRIVEN
)
values
(
675,
118,
21,
293,
'Email: ',
Null,
6,
Null,
'N'
);

insert into TEST_CASE_STEP
(
TEST_CASE_STEP_GSEQ,
TEST_CASE_GSEQ,
STEP_NUMBER,
UI_OBJECT_GSEQ,
VALUE,
SOA_TEST_GSEQ,
TEST_OPERATION_GSEQ,
TEST_CASE_REF_GSEQ,
DATA_DRIVEN
)
values
(
676,
118,
22,
291,
'Job Title: ',
Null,
6,
Null,
'N'
);

insert into TEST_CASE_STEP
(
TEST_CASE_STEP_GSEQ,
TEST_CASE_GSEQ,
STEP_NUMBER,
UI_OBJECT_GSEQ,
VALUE,
SOA_TEST_GSEQ,
TEST_OPERATION_GSEQ,
TEST_CASE_REF_GSEQ,
DATA_DRIVEN
)
values
(
677,
118,
23,
292,
'Phone: ',
Null,
6,
Null,
'N'
);

insert into TEST_CASE_STEP
(
TEST_CASE_STEP_GSEQ,
TEST_CASE_GSEQ,
STEP_NUMBER,
UI_OBJECT_GSEQ,
VALUE,
SOA_TEST_GSEQ,
TEST_OPERATION_GSEQ,
TEST_CASE_REF_GSEQ,
DATA_DRIVEN
)
values
(
678,
118,
24,
296,
'Email: ',
Null,
6,
Null,
'N'
);

insert into TEST_CASE_STEP
(
TEST_CASE_STEP_GSEQ,
TEST_CASE_GSEQ,
STEP_NUMBER,
UI_OBJECT_GSEQ,
VALUE,
SOA_TEST_GSEQ,
TEST_OPERATION_GSEQ,
TEST_CASE_REF_GSEQ,
DATA_DRIVEN
)
values
(
679,
118,
25,
294,
'Job Title: ',
Null,
6,
Null,
'N'
);

insert into TEST_CASE_STEP
(
TEST_CASE_STEP_GSEQ,
TEST_CASE_GSEQ,
STEP_NUMBER,
UI_OBJECT_GSEQ,
VALUE,
SOA_TEST_GSEQ,
TEST_OPERATION_GSEQ,
TEST_CASE_REF_GSEQ,
DATA_DRIVEN
)
values
(
680,
118,
26,
295,
'Phone: ',
Null,
6,
Null,
'N'
);

insert into TEST_CASE_STEP
(
TEST_CASE_STEP_GSEQ,
TEST_CASE_GSEQ,
STEP_NUMBER,
UI_OBJECT_GSEQ,
VALUE,
SOA_TEST_GSEQ,
TEST_OPERATION_GSEQ,
TEST_CASE_REF_GSEQ,
DATA_DRIVEN
)
values
(
681,
118,
28,
290,
'Email: ',
Null,
6,
Null,
'N'
);

insert into TEST_CASE_STEP
(
TEST_CASE_STEP_GSEQ,
TEST_CASE_GSEQ,
STEP_NUMBER,
UI_OBJECT_GSEQ,
VALUE,
SOA_TEST_GSEQ,
TEST_OPERATION_GSEQ,
TEST_CASE_REF_GSEQ,
DATA_DRIVEN
)
values
(
682,
136,
1,
Null,
Null,
Null,
Null,
115,
'N'
);

insert into TEST_CASE_STEP
(
TEST_CASE_STEP_GSEQ,
TEST_CASE_GSEQ,
STEP_NUMBER,
UI_OBJECT_GSEQ,
VALUE,
SOA_TEST_GSEQ,
TEST_OPERATION_GSEQ,
TEST_CASE_REF_GSEQ,
DATA_DRIVEN
)
values
(
683,
136,
2,
Null,
Null,
Null,
Null,
48,
'N'
);

insert into TEST_CASE_STEP
(
TEST_CASE_STEP_GSEQ,
TEST_CASE_GSEQ,
STEP_NUMBER,
UI_OBJECT_GSEQ,
VALUE,
SOA_TEST_GSEQ,
TEST_OPERATION_GSEQ,
TEST_CASE_REF_GSEQ,
DATA_DRIVEN
)
values
(
684,
136,
3,
282,
'749693729_GEMINI',
Null,
15,
Null,
'N'
);

insert into TEST_CASE_STEP
(
TEST_CASE_STEP_GSEQ,
TEST_CASE_GSEQ,
STEP_NUMBER,
UI_OBJECT_GSEQ,
VALUE,
SOA_TEST_GSEQ,
TEST_OPERATION_GSEQ,
TEST_CASE_REF_GSEQ,
DATA_DRIVEN
)
values
(
685,
136,
10,
286,
Null,
Null,
38,
Null,
'N'
);

insert into TEST_CASE_STEP
(
TEST_CASE_STEP_GSEQ,
TEST_CASE_GSEQ,
STEP_NUMBER,
UI_OBJECT_GSEQ,
VALUE,
SOA_TEST_GSEQ,
TEST_OPERATION_GSEQ,
TEST_CASE_REF_GSEQ,
DATA_DRIVEN
)
values
(
686,
136,
4,
299,
'Note History (0)',
Null,
80,
Null,
'N'
);

insert into TEST_CASE_STEP
(
TEST_CASE_STEP_GSEQ,
TEST_CASE_GSEQ,
STEP_NUMBER,
UI_OBJECT_GSEQ,
VALUE,
SOA_TEST_GSEQ,
TEST_OPERATION_GSEQ,
TEST_CASE_REF_GSEQ,
DATA_DRIVEN
)
values
(
688,
136,
5,
299,
'Add Note',
Null,
80,
Null,
'N'
);

insert into TEST_CASE_STEP
(
TEST_CASE_STEP_GSEQ,
TEST_CASE_GSEQ,
STEP_NUMBER,
UI_OBJECT_GSEQ,
VALUE,
SOA_TEST_GSEQ,
TEST_OPERATION_GSEQ,
TEST_CASE_REF_GSEQ,
DATA_DRIVEN
)
values
(
689,
136,
6,
300,
'Test Text Entry 1',
Null,
2,
Null,
'N'
);

insert into TEST_CASE_STEP
(
TEST_CASE_STEP_GSEQ,
TEST_CASE_GSEQ,
STEP_NUMBER,
UI_OBJECT_GSEQ,
VALUE,
SOA_TEST_GSEQ,
TEST_OPERATION_GSEQ,
TEST_CASE_REF_GSEQ,
DATA_DRIVEN
)
values
(
690,
136,
8,
298,
'749693729_GEMINI',
Null,
15,
Null,
'N'
);

insert into TEST_CASE_STEP
(
TEST_CASE_STEP_GSEQ,
TEST_CASE_GSEQ,
STEP_NUMBER,
UI_OBJECT_GSEQ,
VALUE,
SOA_TEST_GSEQ,
TEST_OPERATION_GSEQ,
TEST_CASE_REF_GSEQ,
DATA_DRIVEN
)
values
(
692,
136,
7,
285,
Null,
Null,
15,
Null,
'N'
);

insert into TEST_CASE_STEP
(
TEST_CASE_STEP_GSEQ,
TEST_CASE_GSEQ,
STEP_NUMBER,
UI_OBJECT_GSEQ,
VALUE,
SOA_TEST_GSEQ,
TEST_OPERATION_GSEQ,
TEST_CASE_REF_GSEQ,
DATA_DRIVEN
)
values
(
693,
136,
9,
299,
'Note History (1)',
Null,
80,
Null,
'N'
);

insert into TEST_CASE_STEP
(
TEST_CASE_STEP_GSEQ,
TEST_CASE_GSEQ,
STEP_NUMBER,
UI_OBJECT_GSEQ,
VALUE,
SOA_TEST_GSEQ,
TEST_OPERATION_GSEQ,
TEST_CASE_REF_GSEQ,
DATA_DRIVEN
)
values
(
694,
137,
1,
Null,
Null,
4,
14,
Null,
'N'
);

insert into TEST_CASE_STEP
(
TEST_CASE_STEP_GSEQ,
TEST_CASE_GSEQ,
STEP_NUMBER,
UI_OBJECT_GSEQ,
VALUE,
SOA_TEST_GSEQ,
TEST_OPERATION_GSEQ,
TEST_CASE_REF_GSEQ,
DATA_DRIVEN
)
values
(
695,
137,
2,
Null,
Null,
67,
14,
Null,
'N'
);

insert into TEST_CASE_STEP
(
TEST_CASE_STEP_GSEQ,
TEST_CASE_GSEQ,
STEP_NUMBER,
UI_OBJECT_GSEQ,
VALUE,
SOA_TEST_GSEQ,
TEST_OPERATION_GSEQ,
TEST_CASE_REF_GSEQ,
DATA_DRIVEN
)
values
(
696,
138,
1,
275,
Null,
Null,
6,
1,
'N'
);

insert into TEST_CASE_STEP
(
TEST_CASE_STEP_GSEQ,
TEST_CASE_GSEQ,
STEP_NUMBER,
UI_OBJECT_GSEQ,
VALUE,
SOA_TEST_GSEQ,
TEST_OPERATION_GSEQ,
TEST_CASE_REF_GSEQ,
DATA_DRIVEN
)
values
(
697,
138,
2,
302,
'749693729',
Null,
2,
Null,
'N'
);

insert into TEST_CASE_STEP
(
TEST_CASE_STEP_GSEQ,
TEST_CASE_GSEQ,
STEP_NUMBER,
UI_OBJECT_GSEQ,
VALUE,
SOA_TEST_GSEQ,
TEST_OPERATION_GSEQ,
TEST_CASE_REF_GSEQ,
DATA_DRIVEN
)
values
(
700,
138,
6,
304,
'0',
Null,
15,
Null,
'N'
);

insert into TEST_CASE_STEP
(
TEST_CASE_STEP_GSEQ,
TEST_CASE_GSEQ,
STEP_NUMBER,
UI_OBJECT_GSEQ,
VALUE,
SOA_TEST_GSEQ,
TEST_OPERATION_GSEQ,
TEST_CASE_REF_GSEQ,
DATA_DRIVEN
)
values
(
702,
138,
7,
306,
'Payrolls',
Null,
15,
Null,
'N'
);

insert into TEST_CASE_STEP
(
TEST_CASE_STEP_GSEQ,
TEST_CASE_GSEQ,
STEP_NUMBER,
UI_OBJECT_GSEQ,
VALUE,
SOA_TEST_GSEQ,
TEST_OPERATION_GSEQ,
TEST_CASE_REF_GSEQ,
DATA_DRIVEN
)
values
(
703,
138,
3,
303,
Null,
Null,
82,
Null,
'N'
);

insert into TEST_CASE_STEP
(
TEST_CASE_STEP_GSEQ,
TEST_CASE_GSEQ,
STEP_NUMBER,
UI_OBJECT_GSEQ,
VALUE,
SOA_TEST_GSEQ,
TEST_OPERATION_GSEQ,
TEST_CASE_REF_GSEQ,
DATA_DRIVEN
)
values
(
704,
138,
8,
307,
'0',
Null,
82,
Null,
'N'
);

insert into TEST_CASE_STEP
(
TEST_CASE_STEP_GSEQ,
TEST_CASE_GSEQ,
STEP_NUMBER,
UI_OBJECT_GSEQ,
VALUE,
SOA_TEST_GSEQ,
TEST_OPERATION_GSEQ,
TEST_CASE_REF_GSEQ,
DATA_DRIVEN
)
values
(
705,
138,
9,
308,
'View Transactions',
Null,
17,
Null,
'N'
);

insert into TEST_CASE_STEP
(
TEST_CASE_STEP_GSEQ,
TEST_CASE_GSEQ,
STEP_NUMBER,
UI_OBJECT_GSEQ,
VALUE,
SOA_TEST_GSEQ,
TEST_OPERATION_GSEQ,
TEST_CASE_REF_GSEQ,
DATA_DRIVEN
)
values
(
706,
138,
4,
301,
'EIN Search',
Null,
17,
Null,
'N'
);

insert into TEST_CASE_STEP
(
TEST_CASE_STEP_GSEQ,
TEST_CASE_GSEQ,
STEP_NUMBER,
UI_OBJECT_GSEQ,
VALUE,
SOA_TEST_GSEQ,
TEST_OPERATION_GSEQ,
TEST_CASE_REF_GSEQ,
DATA_DRIVEN
)
values
(
708,
139,
1,
Null,
Null,
4,
14,
Null,
'N'
);

insert into TEST_CASE_STEP
(
TEST_CASE_STEP_GSEQ,
TEST_CASE_GSEQ,
STEP_NUMBER,
UI_OBJECT_GSEQ,
VALUE,
SOA_TEST_GSEQ,
TEST_OPERATION_GSEQ,
TEST_CASE_REF_GSEQ,
DATA_DRIVEN
)
values
(
709,
139,
2,
Null,
Null,
65,
14,
Null,
'N'
);

insert into TEST_CASE_STEP
(
TEST_CASE_STEP_GSEQ,
TEST_CASE_GSEQ,
STEP_NUMBER,
UI_OBJECT_GSEQ,
VALUE,
SOA_TEST_GSEQ,
TEST_OPERATION_GSEQ,
TEST_CASE_REF_GSEQ,
DATA_DRIVEN
)
values
(
710,
139,
3,
Null,
Null,
Null,
Null,
96,
'N'
);

insert into TEST_CASE_STEP
(
TEST_CASE_STEP_GSEQ,
TEST_CASE_GSEQ,
STEP_NUMBER,
UI_OBJECT_GSEQ,
VALUE,
SOA_TEST_GSEQ,
TEST_OPERATION_GSEQ,
TEST_CASE_REF_GSEQ,
DATA_DRIVEN
)
values
(
711,
139,
4,
302,
'749693729',
Null,
4,
Null,
'N'
);

insert into TEST_CASE_STEP
(
TEST_CASE_STEP_GSEQ,
TEST_CASE_GSEQ,
STEP_NUMBER,
UI_OBJECT_GSEQ,
VALUE,
SOA_TEST_GSEQ,
TEST_OPERATION_GSEQ,
TEST_CASE_REF_GSEQ,
DATA_DRIVEN
)
values
(
712,
139,
5,
312,
Null,
Null,
38,
Null,
'N'
);

insert into TEST_CASE_STEP
(
TEST_CASE_STEP_GSEQ,
TEST_CASE_GSEQ,
STEP_NUMBER,
UI_OBJECT_GSEQ,
VALUE,
SOA_TEST_GSEQ,
TEST_OPERATION_GSEQ,
TEST_CASE_REF_GSEQ,
DATA_DRIVEN
)
values
(
713,
139,
6,
304,
'749693729_GEMINI',
Null,
15,
Null,
'N'
);

insert into TEST_CASE_STEP
(
TEST_CASE_STEP_GSEQ,
TEST_CASE_GSEQ,
STEP_NUMBER,
UI_OBJECT_GSEQ,
VALUE,
SOA_TEST_GSEQ,
TEST_OPERATION_GSEQ,
TEST_CASE_REF_GSEQ,
DATA_DRIVEN
)
values
(
722,
138,
11,
309,
'Payroll Transactions for Payroll Check Date: Sep 25, 2009<XPATH_REPLACE>Payroll Transactions for Payroll Check Date: Sep 25, 2009',
Null,
6,
Null,
'N'
);

insert into TEST_CASE_STEP
(
TEST_CASE_STEP_GSEQ,
TEST_CASE_GSEQ,
STEP_NUMBER,
UI_OBJECT_GSEQ,
VALUE,
SOA_TEST_GSEQ,
TEST_OPERATION_GSEQ,
TEST_CASE_REF_GSEQ,
DATA_DRIVEN
)
values
(
723,
138,
12,
310,
'Payroll',
Null,
58,
Null,
'N'
);

insert into TEST_CASE_STEP
(
TEST_CASE_STEP_GSEQ,
TEST_CASE_GSEQ,
STEP_NUMBER,
UI_OBJECT_GSEQ,
VALUE,
SOA_TEST_GSEQ,
TEST_OPERATION_GSEQ,
TEST_CASE_REF_GSEQ,
DATA_DRIVEN
)
values
(
724,
138,
13,
311,
'Payroll Transaction List',
Null,
58,
Null,
'N'
);

insert into TEST_CASE_STEP
(
TEST_CASE_STEP_GSEQ,
TEST_CASE_GSEQ,
STEP_NUMBER,
UI_OBJECT_GSEQ,
VALUE,
SOA_TEST_GSEQ,
TEST_OPERATION_GSEQ,
TEST_CASE_REF_GSEQ,
DATA_DRIVEN
)
values
(
729,
138,
14,
318,
'Txn Date|Amount|Txn Type|Status|Rtn Cd|Actions|SettlementType',
Null,
20,
Null,
'N'
);

-- commit;
